svs_file,label,width,height,AppMag,mpp_x,mpp_y,vendor,n_levels,resize_to_20x,approx_patches_20x
10646.svs,abnormal,51791,32262,20,0.49159999999999998,0.49159999999999998,aperio,3,1.0,25452
10648.svs,abnormal,51791,32511,20,0.49159999999999998,0.49159999999999998,aperio,3,1.0,25452
11033.svs,abnormal,59759,25931,20,0.49159999999999998,0.49159999999999998,aperio,3,1.0,23533
11035.svs,abnormal,61751,26261,20,0.49159999999999998,0.49159999999999998,aperio,3,1.0,24582
11055.svs,abnormal,61751,33018,20,0.49619999999999997,0.49619999999999997,aperio,3,1.0,30848
11080.svs,abnormal,61751,37852,20,0.49619999999999997,0.49619999999999997,aperio,3,1.0,35427
11463.svs,abnormal,65735,32907,20,0.49159999999999998,0.49159999999999998,aperio,4,1.0,32768
11468.svs,abnormal,73703,31317,20,0.49159999999999998,0.49159999999999998,aperio,4,1.0,35014
11478.svs,abnormal,65735,29830,20,0.49159999999999998,0.49159999999999998,aperio,4,1.0,29696
11480.svs,abnormal,69719,32487,20,0.49159999999999998,0.49159999999999998,aperio,4,1.0,34272
11722.svs,abnormal,61751,41644,20,0.49619999999999997,0.49619999999999997,aperio,3,1.0,39042
11727.svs,abnormal,61751,35846,20,0.49619999999999997,0.49619999999999997,aperio,3,1.0,33740
11850.svs,abnormal,67727,41510,20,0.49619999999999997,0.49619999999999997,aperio,4,1.0,42768
11918.svs,abnormal,57767,38698,20,0.49619999999999997,0.49619999999999997,aperio,3,1.0,33975
11925.svs,abnormal,59759,43766,20,0.49619999999999997,0.49619999999999997,aperio,3,1.0,39610
13057.svs,abnormal,53783,36741,20,0.49619999999999997,0.49619999999999997,aperio,3,1.0,30030
13088.svs,abnormal,55775,36870,20,0.49619999999999997,0.49619999999999997,aperio,3,1.0,31248
13105.svs,abnormal,49799,35152,20,0.49619999999999997,0.49619999999999997,aperio,3,1.0,26578
13109.svs,abnormal,51791,32161,20,0.49619999999999997,0.49619999999999997,aperio,3,1.0,25250
13116.svs,abnormal,51791,32075,20,0.49619999999999997,0.49619999999999997,aperio,3,1.0,25250
13120.svs,abnormal,51791,38356,20,0.49619999999999997,0.49619999999999997,aperio,3,1.0,30098
13127.svs,abnormal,55775,34050,20,0.49619999999999997,0.49619999999999997,aperio,3,1.0,28861
15431.svs,abnormal,35855,32580,20,0.49619999999999997,0.49619999999999997,aperio,3,1.0,17780
15530.svs,abnormal,33863,34682,20,0.49619999999999997,0.49619999999999997,aperio,3,1.0,17820
15537.svs,abnormal,105575,45937,20,0.49619999999999997,0.49619999999999997,aperio,4,1.0,73748
15568.svs,abnormal,33863,34519,20,0.49619999999999997,0.49619999999999997,aperio,3,1.0,17688
15644.svs,abnormal,105575,45937,20,0.49619999999999997,0.49619999999999997,aperio,4,1.0,73748
15658.svs,abnormal,105575,45937,20,0.49619999999999997,0.49619999999999997,aperio,4,1.0,73748
15793.svs,abnormal,49799,36338,20,0.49159999999999998,0.49159999999999998,aperio,3,1.0,27354
15796.svs,abnormal,47807,34845,20,0.49159999999999998,0.49159999999999998,aperio,3,1.0,25296
15812.svs,abnormal,47807,35676,20,0.49159999999999998,0.49159999999999998,aperio,3,1.0,25854
15816.svs,abnormal,49799,39497,20,0.49159999999999998,0.49159999999999998,aperio,3,1.0,29876
15817.svs,abnormal,45815,36925,20,0.49159999999999998,0.49159999999999998,aperio,3,1.0,25632
16713.svs,abnormal,49799,28440,20,0.49159999999999998,0.49159999999999998,aperio,3,1.0,21534
16715.svs,abnormal,49799,28438,20,0.49159999999999998,0.49159999999999998,aperio,3,1.0,21534
19714.svs,abnormal,45815,39171,20,0.49159999999999998,0.49159999999999998,aperio,3,1.0,27234
20367.svs,abnormal,61751,35122,20,0.49619999999999997,0.49619999999999997,aperio,3,1.0,33017
20370.svs,abnormal,59759,38676,20,0.49619999999999997,0.49619999999999997,aperio,3,1.0,35183
20414.svs,abnormal,63743,37921,20,0.49619999999999997,0.49619999999999997,aperio,3,1.0,36704
20422.svs,abnormal,59759,34163,20,0.49619999999999997,0.49619999999999997,aperio,3,1.0,30989
20477.svs,abnormal,59759,41978,20,0.49619999999999997,0.49619999999999997,aperio,3,1.0,37979
20483.svs,abnormal,75695,46250,20,0.49619999999999997,0.49619999999999997,aperio,4,1.0,53100
20970.svs,abnormal,37847,23880,20,0.49159999999999998,0.49159999999999998,aperio,3,1.0,13671
20977.svs,abnormal,41831,28366,20,0.49159999999999998,0.49159999999999998,aperio,3,1.0,17930
20979.svs,abnormal,41831,28034,20,0.49159999999999998,0.49159999999999998,aperio,3,1.0,17767
21000.svs,abnormal,41831,25538,20,0.49159999999999998,0.49159999999999998,aperio,3,1.0,16137
21011.svs,abnormal,41831,22463,20,0.49159999999999998,0.49159999999999998,aperio,3,1.0,14181
21014.svs,abnormal,43823,25619,20,0.49159999999999998,0.49159999999999998,aperio,3,1.0,17100
21023.svs,abnormal,43823,25536,20,0.49159999999999998,0.49159999999999998,aperio,3,1.0,16929
21024.svs,abnormal,41831,25040,20,0.49159999999999998,0.49159999999999998,aperio,3,1.0,15811
21937.svs,abnormal,45815,36511,20,0.49159999999999998,0.49159999999999998,aperio,3,1.0,25276
21945.svs,abnormal,45815,38589,20,0.49159999999999998,0.49159999999999998,aperio,3,1.0,26700
22068.svs,abnormal,43823,34268,20,0.49159999999999998,0.49159999999999998,aperio,3,1.0,22743
22076.svs,abnormal,41831,33604,20,0.49159999999999998,0.49159999999999998,aperio,3,1.0,21353
22088.svs,abnormal,39839,33109,20,0.49159999999999998,0.49159999999999998,aperio,3,1.0,19995
22689.svs,abnormal,31871,28046,20,0.49159999999999998,0.49159999999999998,aperio,3,1.0,13516
25609.svs,abnormal,65735,32991,20,0.49159999999999998,0.49159999999999998,aperio,4,1.0,32768
25613.svs,abnormal,65735,31328,20,0.49159999999999998,0.49159999999999998,aperio,4,1.0,31232
25614.svs,abnormal,103583,45958,20,0.49619999999999997,0.49619999999999997,aperio,4,1.0,72316
25619.svs,abnormal,59759,35302,20,0.49619999999999997,0.49619999999999997,aperio,3,1.0,31921
25697.svs,abnormal,63743,35573,20,0.49619999999999997,0.49619999999999997,aperio,3,1.0,34224
25703.svs,abnormal,57767,32891,20,0.49619999999999997,0.49619999999999997,aperio,3,1.0,28800
25757.svs,abnormal,73703,46271,20,0.49619999999999997,0.49619999999999997,aperio,4,1.0,51660
25766.svs,abnormal,105575,45937,20,0.49619999999999997,0.49619999999999997,aperio,4,1.0,73748
25961.svs,abnormal,57767,30795,20,0.49619999999999997,0.49619999999999997,aperio,3,1.0,27000
25962.svs,abnormal,57767,33696,20,0.49619999999999997,0.49619999999999997,aperio,3,1.0,29475
25975.svs,abnormal,65735,38561,20,0.49159999999999998,0.49159999999999998,aperio,4,1.0,38400
26001.svs,abnormal,59759,37401,20,0.49619999999999997,0.49619999999999997,aperio,3,1.0,34018
26006.svs,abnormal,51791,33205,20,0.49619999999999997,0.49619999999999997,aperio,3,1.0,26058
26011.svs,abnormal,57767,42497,20,0.49619999999999997,0.49619999999999997,aperio,3,1.0,37350
26074.svs,abnormal,51791,36908,20,0.49619999999999997,0.49619999999999997,aperio,3,1.0,29088
26124.svs,abnormal,57767,35397,20,0.49619999999999997,0.49619999999999997,aperio,3,1.0,31050
26129.svs,abnormal,57767,37656,20,0.49619999999999997,0.49619999999999997,aperio,3,1.0,33075
26553.svs,abnormal,63743,30165,20,0.49159999999999998,0.49159999999999998,aperio,3,1.0,29016
26557.svs,abnormal,63743,29253,20,0.49159999999999998,0.49159999999999998,aperio,3,1.0,28272
26562.svs,abnormal,77687,36967,20,0.49159999999999998,0.49159999999999998,aperio,4,1.0,43632
26583.svs,abnormal,61751,31831,20,0.49159999999999998,0.49159999999999998,aperio,3,1.0,29884
26587.svs,abnormal,69719,36728,20,0.49159999999999998,0.49159999999999998,aperio,4,1.0,38896
26593.svs,abnormal,71711,36225,20,0.49159999999999998,0.49159999999999998,aperio,4,1.0,39480
27104.svs,abnormal,51791,36336,20,0.49159999999999998,0.49159999999999998,aperio,3,1.0,28482
27121.svs,abnormal,59759,44142,20,0.49159999999999998,0.49159999999999998,aperio,3,1.0,40076
27221.svs,abnormal,45815,37423,20,0.49159999999999998,0.49159999999999998,aperio,3,1.0,25988
27225.svs,abnormal,53783,38992,20,0.49159999999999998,0.49159999999999998,aperio,3,1.0,31920
27359.svs,abnormal,57767,39837,20,0.49619999999999997,0.49619999999999997,aperio,3,1.0,34875
27363.svs,abnormal,59759,39652,20,0.49619999999999997,0.49619999999999997,aperio,3,1.0,35882
27406.svs,abnormal,63743,46375,20,0.49619999999999997,0.49619999999999997,aperio,3,1.0,44888
27408.svs,abnormal,59759,27177,20,0.49159999999999998,0.49159999999999998,aperio,3,1.0,24698
27410.svs,abnormal,61751,31085,20,0.49159999999999998,0.49159999999999998,aperio,3,1.0,29161
27414.svs,abnormal,65735,32159,20,0.49159999999999998,0.49159999999999998,aperio,4,1.0,32000
27419.svs,abnormal,69719,32654,20,0.49159999999999998,0.49159999999999998,aperio,4,1.0,34544
27505.svs,abnormal,57767,40389,20,0.49619999999999997,0.49619999999999997,aperio,3,1.0,35325
27507.svs,abnormal,61751,35914,20,0.49619999999999997,0.49619999999999997,aperio,3,1.0,33740
27622.svs,abnormal,57767,27180,20,0.49159999999999998,0.49159999999999998,aperio,3,1.0,23850
27624.svs,abnormal,61751,28089,20,0.49159999999999998,0.49159999999999998,aperio,3,1.0,26269
27651.svs,abnormal,59759,27344,20,0.49159999999999998,0.49159999999999998,aperio,3,1.0,24698
27655.svs,abnormal,55775,27265,20,0.49159999999999998,0.49159999999999998,aperio,3,1.0,23002
28067.svs,abnormal,55775,37826,20,0.49159999999999998,0.49159999999999998,aperio,3,1.0,31899
28079.svs,abnormal,65735,36316,20,0.49159999999999998,0.49159999999999998,aperio,4,1.0,36096
28096.svs,abnormal,59759,42560,20,0.49159999999999998,0.49159999999999998,aperio,3,1.0,38678
28110.svs,abnormal,61751,34824,20,0.49159999999999998,0.49159999999999998,aperio,3,1.0,32776
28132.svs,abnormal,63743,42307,20,0.49159999999999998,0.49159999999999998,aperio,3,1.0,40920
28140.svs,abnormal,63743,41807,20,0.49159999999999998,0.49159999999999998,aperio,3,1.0,40424
28150.svs,abnormal,59759,39318,20,0.49159999999999998,0.49159999999999998,aperio,3,1.0,35649
28174.svs,abnormal,57767,37408,20,0.49159999999999998,0.49159999999999998,aperio,3,1.0,32850
28178.svs,abnormal,57767,39653,20,0.49159999999999998,0.49159999999999998,aperio,3,1.0,34650
28199.svs,abnormal,63743,43472,20,0.49159999999999998,0.49159999999999998,aperio,3,1.0,41912
28657.svs,abnormal,105575,45937,20,0.49619999999999997,0.49619999999999997,aperio,4,1.0,73748
28685.svs,abnormal,105575,45937,20,0.49619999999999997,0.49619999999999997,aperio,4,1.0,73748
28713.svs,abnormal,61751,29170,20,0.49159999999999998,0.49159999999999998,aperio,3,1.0,27233
28718.svs,abnormal,69719,28163,20,0.49159999999999998,0.49159999999999998,aperio,4,1.0,29920
28747.svs,abnormal,65735,33907,20,0.49159999999999998,0.49159999999999998,aperio,4,1.0,33792
29033.svs,abnormal,59759,25682,20,0.49159999999999998,0.49159999999999998,aperio,3,1.0,23300
29863.svs,abnormal,59759,36990,20,0.49159999999999998,0.49159999999999998,aperio,3,1.0,33552
29882.svs,abnormal,55775,38077,20,0.49159999999999998,0.49159999999999998,aperio,3,1.0,32116
29893.svs,abnormal,55775,37826,20,0.49159999999999998,0.49159999999999998,aperio,3,1.0,31899
30264.svs,abnormal,45815,32517,20,0.49159999999999998,0.49159999999999998,aperio,3,1.0,22606
30409.svs,abnormal,57767,38373,20,0.49619999999999997,0.49619999999999997,aperio,3,1.0,33525
30410.svs,abnormal,55775,39458,20,0.49619999999999997,0.49619999999999997,aperio,3,1.0,33418
30481.svs,abnormal,53783,33422,20,0.49159999999999998,0.49159999999999998,aperio,3,1.0,27300
30507.svs,abnormal,51791,32011,20,0.49159999999999998,0.49159999999999998,aperio,3,1.0,25250
30509.svs,abnormal,53783,32509,20,0.49159999999999998,0.49159999999999998,aperio,3,1.0,26460
30518.svs,abnormal,49799,38833,20,0.49159999999999998,0.49159999999999998,aperio,3,1.0,29294
30525.svs,abnormal,53783,31093,20,0.49159999999999998,0.49159999999999998,aperio,3,1.0,25410
30716.svs,abnormal,65735,34033,20,0.49619999999999997,0.49619999999999997,aperio,4,1.0,33792
30747.svs,abnormal,61751,35364,20,0.49619999999999997,0.49619999999999997,aperio,3,1.0,33258
30756.svs,abnormal,61751,40513,20,0.49619999999999997,0.49619999999999997,aperio,3,1.0,38078
30821.svs,abnormal,51791,28684,20,0.49159999999999998,0.49159999999999998,aperio,3,1.0,22624
30847.svs,abnormal,65735,38045,20,0.49619999999999997,0.49619999999999997,aperio,4,1.0,37888
31119.svs,abnormal,55775,37662,20,0.49159999999999998,0.49159999999999998,aperio,3,1.0,31899
31163.svs,abnormal,105575,45937,20,0.49619999999999997,0.49619999999999997,aperio,4,1.0,73748
31166.svs,abnormal,67727,45283,20,0.49619999999999997,0.49619999999999997,aperio,4,1.0,46464
31639.svs,abnormal,31871,41184,20,0.49159999999999998,0.49159999999999998,aperio,3,1.0,19840
31650.svs,abnormal,37847,43173,20,0.49159999999999998,0.49159999999999998,aperio,3,1.0,24696
31662.svs,abnormal,37847,42176,20,0.49159999999999998,0.49159999999999998,aperio,3,1.0,24108
31800.svs,abnormal,105575,45937,20,0.49619999999999997,0.49619999999999997,aperio,4,1.0,73748
31812.svs,abnormal,29879,35462,20,0.49619999999999997,0.49619999999999997,aperio,3,1.0,16008
31817.svs,abnormal,61751,41811,20,0.49159999999999998,0.49159999999999998,aperio,3,1.0,39283
31828.svs,abnormal,61751,35741,20,0.49159999999999998,0.49159999999999998,aperio,3,1.0,33499
31952.svs,abnormal,57767,42731,20,0.49159999999999998,0.49159999999999998,aperio,3,1.0,37350
31990.svs,abnormal,61751,41062,20,0.49159999999999998,0.49159999999999998,aperio,3,1.0,38560
32000.svs,abnormal,59759,41397,20,0.49159999999999998,0.49159999999999998,aperio,3,1.0,37513
32021.svs,abnormal,59759,41147,20,0.49159999999999998,0.49159999999999998,aperio,3,1.0,37280
32079.svs,abnormal,105575,45937,20,0.49619999999999997,0.49619999999999997,aperio,4,1.0,73748
32170.svs,abnormal,45815,45042,20,0.49619999999999997,0.49619999999999997,aperio,3,1.0,31150
32178.svs,abnormal,33863,39598,20,0.49619999999999997,0.49619999999999997,aperio,3,1.0,20328
32265.svs,abnormal,61751,28422,20,0.49159999999999998,0.49159999999999998,aperio,3,1.0,26751
32327.svs,abnormal,67727,33156,20,0.49159999999999998,0.49159999999999998,aperio,4,1.0,34056
32332.svs,abnormal,71711,35809,20,0.49159999999999998,0.49159999999999998,aperio,4,1.0,38920
32588.svs,abnormal,105575,45937,20,0.49619999999999997,0.49619999999999997,aperio,4,1.0,73748
32594.svs,abnormal,33863,42664,20,0.49619999999999997,0.49619999999999997,aperio,3,1.0,21912
33012.svs,abnormal,51791,29766,20,0.49159999999999998,0.49159999999999998,aperio,3,1.0,23432
33017.svs,abnormal,55775,34084,20,0.49159999999999998,0.49159999999999998,aperio,3,1.0,28861
33064.svs,abnormal,51791,31763,20,0.49159999999999998,0.49159999999999998,aperio,3,1.0,25048
33068.svs,abnormal,53783,31428,20,0.49159999999999998,0.49159999999999998,aperio,3,1.0,25620
33075.svs,abnormal,55775,37660,20,0.49159999999999998,0.49159999999999998,aperio,3,1.0,31899
33077.svs,abnormal,51791,34423,20,0.49159999999999998,0.49159999999999998,aperio,3,1.0,27068
33079.svs,abnormal,53783,34087,20,0.49159999999999998,0.49159999999999998,aperio,3,1.0,27930
33358.svs,abnormal,47807,33845,20,0.49159999999999998,0.49159999999999998,aperio,3,1.0,24552
33366.svs,abnormal,47807,31268,20,0.49159999999999998,0.49159999999999998,aperio,3,1.0,22692
33387.svs,abnormal,49799,34010,20,0.49159999999999998,0.49159999999999998,aperio,3,1.0,25608
33393.svs,abnormal,51791,33924,20,0.49159999999999998,0.49159999999999998,aperio,3,1.0,26664
33460.svs,abnormal,31871,35108,20,0.49619999999999997,0.49619999999999997,aperio,3,1.0,16988
33472.svs,abnormal,37847,39644,20,0.49619999999999997,0.49619999999999997,aperio,3,1.0,22638
33655.svs,abnormal,49799,29021,20,0.49159999999999998,0.49159999999999998,aperio,3,1.0,21922
33659.svs,abnormal,47807,31186,20,0.49159999999999998,0.49159999999999998,aperio,3,1.0,22506
33685.svs,abnormal,47807,31934,20,0.49159999999999998,0.49159999999999998,aperio,3,1.0,23064
33923.svs,abnormal,43823,31522,20,0.49159999999999998,0.49159999999999998,aperio,3,1.0,21033
33928.svs,abnormal,47807,34843,20,0.49159999999999998,0.49159999999999998,aperio,3,1.0,25296
33935.svs,abnormal,43823,32023,20,0.49159999999999998,0.49159999999999998,aperio,3,1.0,21375
33942.svs,abnormal,41831,29197,20,0.49159999999999998,0.49159999999999998,aperio,3,1.0,18582
33945.svs,abnormal,105575,45937,20,0.49619999999999997,0.49619999999999997,aperio,4,1.0,73748
33986.svs,abnormal,37847,35450,20,0.49619999999999997,0.49619999999999997,aperio,3,1.0,20286
34012.svs,abnormal,29879,35778,20,0.49619999999999997,0.49619999999999997,aperio,3,1.0,16124
34234.svs,abnormal,49799,33177,20,0.49159999999999998,0.49159999999999998,aperio,3,1.0,25026
34237.svs,abnormal,55775,34915,20,0.49159999999999998,0.49159999999999998,aperio,3,1.0,29512
34263.svs,abnormal,45815,33764,20,0.49159999999999998,0.49159999999999998,aperio,3,1.0,23318
34360.svs,abnormal,33863,31695,20,0.49619999999999997,0.49619999999999997,aperio,3,1.0,16236
34369.svs,abnormal,29879,24805,20,0.49619999999999997,0.49619999999999997,aperio,3,1.0,11136
34787.svs,abnormal,29879,28299,20,0.49159999999999998,0.49159999999999998,aperio,3,1.0,12760
34835.svs,abnormal,31871,30209,20,0.49159999999999998,0.49159999999999998,aperio,3,1.0,14632
35000.svs,abnormal,49799,33067,20,0.49619999999999997,0.49619999999999997,aperio,3,1.0,25026
35151.svs,abnormal,33863,30955,20,0.49159999999999998,0.49159999999999998,aperio,3,1.0,15840
35175.svs,abnormal,37847,27789,20,0.49159999999999998,0.49159999999999998,aperio,3,1.0,15876
35196.svs,abnormal,35855,27044,20,0.49159999999999998,0.49159999999999998,aperio,3,1.0,14700
35207.svs,abnormal,33863,28875,20,0.49159999999999998,0.49159999999999998,aperio,3,1.0,14784
35212.svs,abnormal,35855,25047,20,0.49159999999999998,0.49159999999999998,aperio,3,1.0,13580
35345.svs,abnormal,43823,33137,20,0.49619999999999997,0.49619999999999997,aperio,3,1.0,22059
35346.svs,abnormal,51791,37648,20,0.49619999999999997,0.49619999999999997,aperio,3,1.0,29694
35347.svs,abnormal,47807,38243,20,0.49619999999999997,0.49619999999999997,aperio,3,1.0,27714
35353.svs,abnormal,41831,29278,20,0.49619999999999997,0.49619999999999997,aperio,3,1.0,18582
35358.svs,abnormal,105575,45937,20,0.49619999999999997,0.49619999999999997,aperio,4,1.0,73748
35369.svs,abnormal,39839,28810,20,0.49619999999999997,0.49619999999999997,aperio,3,1.0,17360
35733.svs,abnormal,33863,34862,20,0.49159999999999998,0.49159999999999998,aperio,3,1.0,17952
35984.svs,abnormal,33863,27960,20,0.49159999999999998,0.49159999999999998,aperio,3,1.0,14388
35993.svs,abnormal,33863,32035,20,0.49159999999999998,0.49159999999999998,aperio,3,1.0,16500
36094.svs,abnormal,31871,27048,20,0.49159999999999998,0.49159999999999998,aperio,3,1.0,13020
36111.svs,abnormal,33863,30871,20,0.49159999999999998,0.49159999999999998,aperio,3,1.0,15840
36200.svs,abnormal,35855,30710,20,0.49619999999999997,0.49619999999999997,aperio,3,1.0,16660
36206.svs,abnormal,33863,29535,20,0.49619999999999997,0.49619999999999997,aperio,3,1.0,15180
36297.svs,abnormal,33863,28313,20,0.49619999999999997,0.49619999999999997,aperio,3,1.0,14520
36434.svs,abnormal,29879,25722,20,0.49159999999999998,0.49159999999999998,aperio,3,1.0,11600
36443.svs,abnormal,31871,30043,20,0.49159999999999998,0.49159999999999998,aperio,3,1.0,14508
36658.svs,abnormal,49799,34348,20,0.49619999999999997,0.49619999999999997,aperio,3,1.0,25996
36665.svs,abnormal,55775,31881,20,0.49619999999999997,0.49619999999999997,aperio,3,1.0,26908
36695.svs,abnormal,49799,29678,20,0.49619999999999997,0.49619999999999997,aperio,3,1.0,22310
36938.svs,abnormal,31871,29045,20,0.49159999999999998,0.49159999999999998,aperio,3,1.0,14012
36947.svs,abnormal,33863,33947,20,0.49159999999999998,0.49159999999999998,aperio,3,1.0,17424
37058.svs,abnormal,47807,30993,20,0.49619999999999997,0.49619999999999997,aperio,3,1.0,22506
37061.svs,abnormal,45815,32462,20,0.49619999999999997,0.49619999999999997,aperio,3,1.0,22428
37093.svs,abnormal,47807,31158,20,0.49619999999999997,0.49619999999999997,aperio,3,1.0,22506
37101.svs,abnormal,45815,31020,20,0.49619999999999997,0.49619999999999997,aperio,3,1.0,21538
37107.svs,abnormal,43823,33446,20,0.49619999999999997,0.49619999999999997,aperio,3,1.0,22230
37656.svs,abnormal,31871,31704,20,0.49159999999999998,0.49159999999999998,aperio,3,1.0,15252
37670.svs,abnormal,35855,34112,20,0.49159999999999998,0.49159999999999998,aperio,3,1.0,18620
37679.svs,abnormal,29879,32705,20,0.49159999999999998,0.49159999999999998,aperio,3,1.0,14732
37683.svs,abnormal,35855,34861,20,0.49159999999999998,0.49159999999999998,aperio,3,1.0,19040
37707.svs,abnormal,33863,31454,20,0.49159999999999998,0.49159999999999998,aperio,3,1.0,16104
37711.svs,abnormal,33863,35194,20,0.49159999999999998,0.49159999999999998,aperio,3,1.0,18084
37735.svs,abnormal,31871,27299,20,0.49159999999999998,0.49159999999999998,aperio,3,1.0,13144
37744.svs,abnormal,35855,35857,20,0.49159999999999998,0.49159999999999998,aperio,3,1.0,19600
38209.svs,abnormal,43823,22894,20,0.49619999999999997,0.49619999999999997,aperio,3,1.0,15219
38213.svs,abnormal,43823,26513,20,0.49619999999999997,0.49619999999999997,aperio,3,1.0,17613
38566.svs,abnormal,41831,24773,20,0.49619999999999997,0.49619999999999997,aperio,3,1.0,15648
38569.svs,abnormal,35855,35858,20,0.49159999999999998,0.49159999999999998,aperio,3,1.0,19600
38579.svs,abnormal,49799,31852,20,0.49619999999999997,0.49619999999999997,aperio,3,1.0,24056
38583.svs,abnormal,35855,33446,20,0.49159999999999998,0.49159999999999998,aperio,3,1.0,18200
38586.svs,abnormal,53783,35440,20,0.49619999999999997,0.49619999999999997,aperio,3,1.0,28980
38613.svs,abnormal,25895,32377,20,0.49159999999999998,0.49159999999999998,aperio,3,1.0,12726
38628.svs,abnormal,31871,37111,20,0.49159999999999998,0.49159999999999998,aperio,3,1.0,17856
40594.svs,abnormal,57767,32419,20,0.49619999999999997,0.49619999999999997,aperio,3,1.0,28350
40618.svs,abnormal,57767,35245,20,0.49619999999999997,0.49619999999999997,aperio,3,1.0,30825
40620.svs,abnormal,51791,34011,20,0.49619999999999997,0.49619999999999997,aperio,3,1.0,26664
40627.svs,abnormal,53783,35765,20,0.49619999999999997,0.49619999999999997,aperio,3,1.0,29190
40629.svs,abnormal,63743,44601,20,0.49619999999999997,0.49619999999999997,aperio,3,1.0,43152
4106.svs,abnormal,55788,27564,20,0.49840000000000001,0.49840000000000001,aperio,3,1.0,23219
4123.svs,abnormal,57781,35376,20,0.49840000000000001,0.49840000000000001,aperio,3,1.0,31050
4128.svs,abnormal,55788,29741,20,0.49840000000000001,0.49840000000000001,aperio,3,1.0,25172
4129.svs,abnormal,59773,33455,20,0.49840000000000001,0.49840000000000001,aperio,3,1.0,30290
41385.svs,abnormal,63743,30830,20,0.49159999999999998,0.49159999999999998,aperio,3,1.0,29760
41392.svs,abnormal,61751,30834,20,0.49159999999999998,0.49159999999999998,aperio,3,1.0,28920
41398.svs,abnormal,63743,34325,20,0.49159999999999998,0.49159999999999998,aperio,3,1.0,33232
41403.svs,abnormal,59759,27427,20,0.49159999999999998,0.49159999999999998,aperio,3,1.0,24931
41408.svs,abnormal,57767,29924,20,0.49159999999999998,0.49159999999999998,aperio,3,1.0,26100
41416.svs,abnormal,59759,29921,20,0.49159999999999998,0.49159999999999998,aperio,3,1.0,27028
41430.svs,abnormal,61751,30586,20,0.49159999999999998,0.49159999999999998,aperio,3,1.0,28679
41432.svs,abnormal,61751,31085,20,0.49159999999999998,0.49159999999999998,aperio,3,1.0,29161
41779.svs,abnormal,67727,32074,20,0.49159999999999998,0.49159999999999998,aperio,4,1.0,33000
41781.svs,abnormal,69719,32321,20,0.49159999999999998,0.49159999999999998,aperio,4,1.0,34272
41788.svs,abnormal,69719,33152,20,0.49159999999999998,0.49159999999999998,aperio,4,1.0,35088
41793.svs,abnormal,67727,32488,20,0.49159999999999998,0.49159999999999998,aperio,4,1.0,33264
41833.svs,abnormal,69719,32070,20,0.49159999999999998,0.49159999999999998,aperio,4,1.0,34000
41847.svs,abnormal,69719,33152,20,0.49159999999999998,0.49159999999999998,aperio,4,1.0,35088
41858.svs,abnormal,69719,33817,20,0.49159999999999998,0.49159999999999998,aperio,4,1.0,35904
42447.svs,abnormal,67727,32407,20,0.49159999999999998,0.49159999999999998,aperio,4,1.0,33264
42460.svs,abnormal,69719,30074,20,0.49159999999999998,0.49159999999999998,aperio,4,1.0,31824
42528.svs,abnormal,65735,29831,20,0.49159999999999998,0.49159999999999998,aperio,4,1.0,29696
42531.svs,abnormal,61751,29255,20,0.49159999999999998,0.49159999999999998,aperio,3,1.0,27474
42535.svs,abnormal,69719,32488,20,0.49159999999999998,0.49159999999999998,aperio,4,1.0,34272
42966.svs,abnormal,41831,36708,20,0.49619999999999997,0.49619999999999997,aperio,3,1.0,23309
42976.svs,abnormal,37847,30052,20,0.49619999999999997,0.49619999999999997,aperio,3,1.0,17199
43811.svs,abnormal,67727,34234,20,0.49159999999999998,0.49159999999999998,aperio,4,1.0,35112
43840.svs,abnormal,67727,29247,20,0.49159999999999998,0.49159999999999998,aperio,4,1.0,30096
43853.svs,abnormal,69719,30575,20,0.49159999999999998,0.49159999999999998,aperio,4,1.0,32368
4390.svs,abnormal,103607,45238,20,0.49840000000000001,0.49840000000000001,aperio,4,1.0,71104
4406.svs,abnormal,81690,45238,20,0.49840000000000001,0.49840000000000001,aperio,4,1.0,56144
4407.svs,abnormal,73720,45238,20,0.49840000000000001,0.49840000000000001,aperio,4,1.0,50512
4410.svs,abnormal,65751,45238,20,0.49840000000000001,0.49840000000000001,aperio,4,1.0,45056
44134.svs,abnormal,59759,37306,20,0.49619999999999997,0.49619999999999997,aperio,3,1.0,33785
44233.svs,abnormal,59759,36355,20,0.49619999999999997,0.49619999999999997,aperio,3,1.0,33086
4437.svs,abnormal,103607,45238,20,0.49840000000000001,0.49840000000000001,aperio,4,1.0,71104
4438.svs,abnormal,69736,42292,20,0.49840000000000001,0.49840000000000001,aperio,4,1.0,44880
44399.svs,abnormal,73703,37968,20,0.49159999999999998,0.49159999999999998,aperio,4,1.0,42476
44415.svs,abnormal,63743,35489,20,0.49159999999999998,0.49159999999999998,aperio,3,1.0,34224
44436.svs,abnormal,69719,32985,20,0.49159999999999998,0.49159999999999998,aperio,4,1.0,34816
4457.svs,abnormal,77705,45238,20,0.49840000000000001,0.49840000000000001,aperio,4,1.0,53328
4459.svs,abnormal,65751,37938,20,0.49840000000000001,0.49840000000000001,aperio,4,1.0,37888
44811.svs,abnormal,59759,34096,20,0.49619999999999997,0.49619999999999997,aperio,3,1.0,30989
44997.svs,abnormal,67727,33487,20,0.49159999999999998,0.49159999999999998,aperio,4,1.0,34320
45009.svs,abnormal,77687,34804,20,0.49159999999999998,0.49159999999999998,aperio,4,1.0,40905
45448.svs,abnormal,55775,40587,20,0.49619999999999997,0.49619999999999997,aperio,3,1.0,34286
45488.svs,abnormal,55775,42343,20,0.49619999999999997,0.49619999999999997,aperio,3,1.0,35805
45502.svs,abnormal,61751,39382,20,0.49619999999999997,0.49619999999999997,aperio,3,1.0,36873
46054.svs,abnormal,63743,30665,20,0.49159999999999998,0.49159999999999998,aperio,3,1.0,29512
46064.svs,abnormal,65735,29249,20,0.49159999999999998,0.49159999999999998,aperio,4,1.0,29184
46387.svs,abnormal,81671,35631,20,0.49159999999999998,0.49159999999999998,aperio,4,1.0,44341
46389.svs,abnormal,73703,33730,20,0.49159999999999998,0.49159999999999998,aperio,4,1.0,37597
46720.svs,abnormal,71711,34315,20,0.49159999999999998,0.49159999999999998,aperio,4,1.0,37520
46727.svs,abnormal,71711,29741,20,0.49159999999999998,0.49159999999999998,aperio,4,1.0,32480
46731.svs,abnormal,31871,34553,20,0.49619999999999997,0.49619999999999997,aperio,3,1.0,16616
46786.svs,abnormal,39839,41644,20,0.49619999999999997,0.49619999999999997,aperio,3,1.0,25110
46801.svs,abnormal,31871,34952,20,0.49619999999999997,0.49619999999999997,aperio,3,1.0,16864
46805.svs,abnormal,33863,36783,20,0.49619999999999997,0.49619999999999997,aperio,3,1.0,18876
46838.svs,abnormal,33863,39676,20,0.49619999999999997,0.49619999999999997,aperio,3,1.0,20328
46843.svs,abnormal,31871,38507,20,0.49619999999999997,0.49619999999999997,aperio,3,1.0,18600
47463.svs,abnormal,65735,31245,20,0.49159999999999998,0.49159999999999998,aperio,4,1.0,31232
47464.svs,abnormal,65735,30164,20,0.49159999999999998,0.49159999999999998,aperio,4,1.0,29952
47468.svs,abnormal,73703,31651,20,0.49159999999999998,0.49159999999999998,aperio,4,1.0,35301
4759.svs,abnormal,57767,31855,20,0.49619999999999997,0.49619999999999997,aperio,3,1.0,27900
47811.svs,abnormal,33863,28793,20,0.49619999999999997,0.49619999999999997,aperio,3,1.0,14784
47816.svs,abnormal,33863,28551,20,0.49619999999999997,0.49619999999999997,aperio,3,1.0,14652
47834.svs,abnormal,33863,28569,20,0.49619999999999997,0.49619999999999997,aperio,3,1.0,14652
47846.svs,abnormal,57767,30506,20,0.49159999999999998,0.49159999999999998,aperio,3,1.0,26775
47851.svs,abnormal,65735,30912,20,0.49159999999999998,0.49159999999999998,aperio,4,1.0,30720
47859.svs,abnormal,55775,26019,20,0.49159999999999998,0.49159999999999998,aperio,3,1.0,21917
47865.svs,abnormal,63743,27339,20,0.49159999999999998,0.49159999999999998,aperio,3,1.0,26288
47866.svs,abnormal,29879,27067,20,0.49619999999999997,0.49619999999999997,aperio,3,1.0,12180
47875.svs,abnormal,31871,27619,20,0.49619999999999997,0.49619999999999997,aperio,3,1.0,13268
47884.svs,abnormal,37847,31420,20,0.49619999999999997,0.49619999999999997,aperio,3,1.0,17934
48074.svs,abnormal,63743,31579,20,0.49159999999999998,0.49159999999999998,aperio,3,1.0,30504
4832.svs,abnormal,61766,36401,20,0.49840000000000001,0.49840000000000001,aperio,3,1.0,34222
4834.svs,abnormal,63758,44342,20,0.49840000000000001,0.49840000000000001,aperio,3,1.0,43077
4848.svs,abnormal,59773,40371,20,0.49840000000000001,0.49840000000000001,aperio,3,1.0,36581
4869.svs,abnormal,97630,42677,20,0.49840000000000001,0.49840000000000001,aperio,4,1.0,63246
4874.svs,abnormal,103607,45238,20,0.49840000000000001,0.49840000000000001,aperio,4,1.0,71104
48770.svs,abnormal,31871,25670,20,0.49619999999999997,0.49619999999999997,aperio,3,1.0,12400
48784.svs,abnormal,33863,32424,20,0.49619999999999997,0.49619999999999997,aperio,3,1.0,16632
48790.svs,abnormal,33863,29119,20,0.49619999999999997,0.49619999999999997,aperio,3,1.0,14916
4882.svs,abnormal,103607,45238,20,0.49840000000000001,0.49840000000000001,aperio,4,1.0,71104
48838.svs,abnormal,31871,30604,20,0.49619999999999997,0.49619999999999997,aperio,3,1.0,14756
4884.svs,abnormal,65735,45380,20,0.49159999999999998,0.49159999999999998,aperio,4,1.0,45312
48848.svs,abnormal,31871,27129,20,0.49619999999999997,0.49619999999999997,aperio,3,1.0,13020
4886.svs,abnormal,61751,41312,20,0.49159999999999998,0.49159999999999998,aperio,3,1.0,38801
48863.svs,abnormal,31871,28175,20,0.49619999999999997,0.49619999999999997,aperio,3,1.0,13640
48910.svs,abnormal,27887,29439,20,0.49619999999999997,0.49619999999999997,aperio,3,1.0,12312
48915.svs,abnormal,31871,29881,20,0.49619999999999997,0.49619999999999997,aperio,3,1.0,14384
48928.svs,abnormal,31871,30040,20,0.49619999999999997,0.49619999999999997,aperio,3,1.0,14508
49034.svs,abnormal,43823,31273,20,0.49159999999999998,0.49159999999999998,aperio,3,1.0,20862
49036.svs,abnormal,43823,29195,20,0.49159999999999998,0.49159999999999998,aperio,3,1.0,19494
49046.svs,abnormal,51791,35171,20,0.49159999999999998,0.49159999999999998,aperio,3,1.0,27674
49048.svs,abnormal,51791,33426,20,0.49159999999999998,0.49159999999999998,aperio,3,1.0,26260
49054.svs,abnormal,41831,29032,20,0.49159999999999998,0.49159999999999998,aperio,3,1.0,18419
49060.svs,abnormal,41831,30611,20,0.49159999999999998,0.49159999999999998,aperio,3,1.0,19397
4917.svs,abnormal,67727,42469,20,0.49159999999999998,0.49159999999999998,aperio,4,1.0,43560
4922.svs,abnormal,59759,45389,20,0.49159999999999998,0.49159999999999998,aperio,3,1.0,41241
49239.svs,abnormal,31871,32043,20,0.49619999999999997,0.49619999999999997,aperio,3,1.0,15500
49259.svs,abnormal,33863,30583,20,0.49619999999999997,0.49619999999999997,aperio,3,1.0,15708
49332.svs,abnormal,29879,27790,20,0.49619999999999997,0.49619999999999997,aperio,3,1.0,12528
49432.svs,abnormal,29879,30852,20,0.49619999999999997,0.49619999999999997,aperio,3,1.0,13920
49457.svs,abnormal,31871,29391,20,0.49619999999999997,0.49619999999999997,aperio,3,1.0,14136
49462.svs,abnormal,37847,31504,20,0.49619999999999997,0.49619999999999997,aperio,3,1.0,18081
49747.svs,abnormal,41831,30361,20,0.49159999999999998,0.49159999999999998,aperio,3,1.0,19234
49754.svs,abnormal,43823,31440,20,0.49159999999999998,0.49159999999999998,aperio,3,1.0,20862
49757.svs,abnormal,41831,33272,20,0.49159999999999998,0.49159999999999998,aperio,3,1.0,21027
50624.svs,abnormal,39839,22880,20,0.49159999999999998,0.49159999999999998,aperio,3,1.0,13795
51449.svs,abnormal,57767,34497,20,0.49159999999999998,0.49159999999999998,aperio,3,1.0,30150
51454.svs,abnormal,59759,34745,20,0.49159999999999998,0.49159999999999998,aperio,3,1.0,31455
52309.svs,abnormal,63743,33575,20,0.49159999999999998,0.49159999999999998,aperio,3,1.0,32488
52320.svs,abnormal,59759,35910,20,0.49159999999999998,0.49159999999999998,aperio,3,1.0,32620
52668.svs,abnormal,61751,40646,20,0.49159999999999998,0.49159999999999998,aperio,3,1.0,38078
52669.svs,abnormal,57767,41982,20,0.49159999999999998,0.49159999999999998,aperio,3,1.0,36675
52799.svs,abnormal,31871,33180,20,0.49619999999999997,0.49619999999999997,aperio,3,1.0,15996
52803.svs,abnormal,31871,31562,20,0.49619999999999997,0.49619999999999997,aperio,3,1.0,15252
53036.svs,abnormal,31871,30506,20,0.49619999999999997,0.49619999999999997,aperio,3,1.0,14756
53153.svs,abnormal,35855,27090,20,0.49619999999999997,0.49619999999999997,aperio,3,1.0,14700
53234.svs,abnormal,37847,33595,20,0.49619999999999997,0.49619999999999997,aperio,3,1.0,19257
53251.svs,abnormal,37847,30056,20,0.49619999999999997,0.49619999999999997,aperio,3,1.0,17199
53377.svs,abnormal,61751,38151,20,0.49159999999999998,0.49159999999999998,aperio,3,1.0,35909
53412.svs,abnormal,65735,37399,20,0.49159999999999998,0.49159999999999998,aperio,4,1.0,37376
53488.svs,abnormal,63743,36735,20,0.49159999999999998,0.49159999999999998,aperio,3,1.0,35464
53895.svs,abnormal,39839,37936,20,0.49619999999999997,0.49619999999999997,aperio,3,1.0,22940
53904.svs,abnormal,33863,32428,20,0.49619999999999997,0.49619999999999997,aperio,3,1.0,16632
54351.svs,abnormal,33863,34447,20,0.49619999999999997,0.49619999999999997,aperio,3,1.0,17688
54357.svs,abnormal,29879,29411,20,0.49619999999999997,0.49619999999999997,aperio,3,1.0,13224
54375.svs,abnormal,31871,31089,20,0.49619999999999997,0.49619999999999997,aperio,3,1.0,15004
54381.svs,abnormal,31871,33829,20,0.49619999999999997,0.49619999999999997,aperio,3,1.0,16368
54867.svs,abnormal,29879,26179,20,0.49619999999999997,0.49619999999999997,aperio,3,1.0,11832
55173.svs,abnormal,29879,29561,20,0.49619999999999997,0.49619999999999997,aperio,3,1.0,13340
55288.svs,abnormal,29879,30936,20,0.49619999999999997,0.49619999999999997,aperio,3,1.0,13920
55300.svs,abnormal,27887,28136,20,0.49619999999999997,0.49619999999999997,aperio,3,1.0,11772
55335.svs,abnormal,29879,30292,20,0.49619999999999997,0.49619999999999997,aperio,3,1.0,13688
55355.svs,abnormal,37847,35940,20,0.49619999999999997,0.49619999999999997,aperio,3,1.0,20580
56647.svs,abnormal,35855,38368,20,0.49619999999999997,0.49619999999999997,aperio,3,1.0,20860
57080.svs,abnormal,31871,28295,20,0.49159999999999998,0.49159999999999998,aperio,3,1.0,13640
57273.svs,abnormal,29879,33039,20,0.49159999999999998,0.49159999999999998,aperio,3,1.0,14964
57831.svs,abnormal,27887,25716,20,0.49619999999999997,0.49619999999999997,aperio,3,1.0,10800
57836.svs,abnormal,27887,25956,20,0.49619999999999997,0.49619999999999997,aperio,3,1.0,10908
57852.svs,abnormal,27887,25316,20,0.49619999999999997,0.49619999999999997,aperio,3,1.0,10584
57867.svs,abnormal,33863,30177,20,0.49619999999999997,0.49619999999999997,aperio,3,1.0,15444
57885.svs,abnormal,31871,29058,20,0.49619999999999997,0.49619999999999997,aperio,3,1.0,14012
57916.svs,abnormal,29879,24643,20,0.49619999999999997,0.49619999999999997,aperio,3,1.0,11136
57925.svs,abnormal,29879,24165,20,0.49619999999999997,0.49619999999999997,aperio,3,1.0,10904
57931.svs,abnormal,29879,25464,20,0.49619999999999997,0.49619999999999997,aperio,3,1.0,11484
57966.svs,abnormal,31871,30351,20,0.49619999999999997,0.49619999999999997,aperio,3,1.0,14632
58009.svs,abnormal,29879,29651,20,0.49619999999999997,0.49619999999999997,aperio,3,1.0,13340
58179.svs,abnormal,33863,31869,20,0.49159999999999998,0.49159999999999998,aperio,3,1.0,16368
58216.svs,abnormal,31871,26883,20,0.49159999999999998,0.49159999999999998,aperio,3,1.0,13020
58222.svs,abnormal,37847,36936,20,0.49159999999999998,0.49159999999999998,aperio,3,1.0,21168
5859.svs,abnormal,65735,29083,20,0.49159999999999998,0.49159999999999998,aperio,4,1.0,28928
5865.svs,abnormal,81671,36545,20,0.49159999999999998,0.49159999999999998,aperio,4,1.0,45298
58708.svs,abnormal,27887,29501,20,0.49619999999999997,0.49619999999999997,aperio,3,1.0,12420
58720.svs,abnormal,29879,30054,20,0.49619999999999997,0.49619999999999997,aperio,3,1.0,13572
58723.svs,abnormal,29879,31505,20,0.49619999999999997,0.49619999999999997,aperio,3,1.0,14268
58741.svs,abnormal,31871,34786,20,0.49619999999999997,0.49619999999999997,aperio,3,1.0,16740
58747.svs,abnormal,95615,44505,20,0.49619999999999997,0.49619999999999997,aperio,4,1.0,64529
59122.svs,abnormal,31871,34055,20,0.49619999999999997,0.49619999999999997,aperio,3,1.0,16492
59152.svs,abnormal,29879,34572,20,0.49619999999999997,0.49619999999999997,aperio,3,1.0,15660
59159.svs,abnormal,31871,35863,20,0.49159999999999998,0.49159999999999998,aperio,3,1.0,17360
59171.svs,abnormal,33863,32452,20,0.49159999999999998,0.49159999999999998,aperio,3,1.0,16632
59212.svs,abnormal,33863,28959,20,0.49159999999999998,0.49159999999999998,aperio,3,1.0,14916
59219.svs,abnormal,29879,32723,20,0.49619999999999997,0.49619999999999997,aperio,3,1.0,14732
59230.svs,abnormal,29879,29796,20,0.49159999999999998,0.49159999999999998,aperio,3,1.0,13456
59236.svs,abnormal,31871,33185,20,0.49619999999999997,0.49619999999999997,aperio,3,1.0,15996
59345.svs,abnormal,39839,30198,20,0.49159999999999998,0.49159999999999998,aperio,3,1.0,18135
59351.svs,abnormal,39839,30779,20,0.49159999999999998,0.49159999999999998,aperio,3,1.0,18600
59375.svs,abnormal,57767,29192,20,0.49619999999999997,0.49619999999999997,aperio,3,1.0,25650
59376.svs,abnormal,43823,32937,20,0.49159999999999998,0.49159999999999998,aperio,3,1.0,21888
59378.svs,abnormal,39839,30863,20,0.49159999999999998,0.49159999999999998,aperio,3,1.0,18600
59381.svs,abnormal,39839,30032,20,0.49159999999999998,0.49159999999999998,aperio,3,1.0,18135
59397.svs,abnormal,45815,31686,20,0.49159999999999998,0.49159999999999998,aperio,3,1.0,21894
59399.svs,abnormal,41831,29530,20,0.49159999999999998,0.49159999999999998,aperio,3,1.0,18745
59402.svs,abnormal,39839,32775,20,0.49159999999999998,0.49159999999999998,aperio,3,1.0,19840
59411.svs,abnormal,41831,30445,20,0.49159999999999998,0.49159999999999998,aperio,3,1.0,19234
59413.svs,abnormal,43823,32105,20,0.49159999999999998,0.49159999999999998,aperio,3,1.0,21375
59417.svs,abnormal,39839,30198,20,0.49159999999999998,0.49159999999999998,aperio,3,1.0,18135
59426.svs,abnormal,39839,28702,20,0.49159999999999998,0.49159999999999998,aperio,3,1.0,17360
59432.svs,abnormal,75695,32704,20,0.49619999999999997,0.49619999999999997,aperio,4,1.0,37465
59434.svs,abnormal,45815,33099,20,0.49159999999999998,0.49159999999999998,aperio,3,1.0,22962
59439.svs,abnormal,57767,31212,20,0.49619999999999997,0.49619999999999997,aperio,3,1.0,27225
59444.svs,abnormal,55775,24291,20,0.49619999999999997,0.49619999999999997,aperio,3,1.0,20398
60067.svs,abnormal,61751,33424,20,0.49619999999999997,0.49619999999999997,aperio,3,1.0,31330
60070.svs,abnormal,59759,29088,20,0.49619999999999997,0.49619999999999997,aperio,3,1.0,26329
60114.svs,abnormal,55775,28089,20,0.49619999999999997,0.49619999999999997,aperio,3,1.0,23653
60147.svs,abnormal,59759,27486,20,0.49619999999999997,0.49619999999999997,aperio,3,1.0,24931
60433.svs,abnormal,59759,34331,20,0.49619999999999997,0.49619999999999997,aperio,3,1.0,31222
60472.svs,abnormal,63743,36704,20,0.49619999999999997,0.49619999999999997,aperio,3,1.0,35464
60484.svs,abnormal,57767,33783,20,0.49619999999999997,0.49619999999999997,aperio,3,1.0,29475
60486.svs,abnormal,57767,38373,20,0.49619999999999997,0.49619999999999997,aperio,3,1.0,33525
60519.svs,abnormal,61751,36975,20,0.49619999999999997,0.49619999999999997,aperio,3,1.0,34704
60528.svs,abnormal,57767,37731,20,0.49619999999999997,0.49619999999999997,aperio,3,1.0,33075
60531.svs,abnormal,63743,41551,20,0.49619999999999997,0.49619999999999997,aperio,3,1.0,40176
61240.svs,abnormal,55775,33073,20,0.49619999999999997,0.49619999999999997,aperio,3,1.0,27993
61461.svs,abnormal,55775,33919,20,0.49159999999999998,0.49159999999999998,aperio,3,1.0,28644
61492.svs,abnormal,57767,32585,20,0.49159999999999998,0.49159999999999998,aperio,3,1.0,28575
61512.svs,abnormal,57767,38075,20,0.49159999999999998,0.49159999999999998,aperio,3,1.0,33300
61548.svs,abnormal,55775,41653,20,0.49159999999999998,0.49159999999999998,aperio,3,1.0,35154
61598.svs,abnormal,55775,38076,20,0.49159999999999998,0.49159999999999998,aperio,3,1.0,32116
6258.svs,abnormal,61751,32247,20,0.49159999999999998,0.49159999999999998,aperio,3,1.0,30125
62664.svs,abnormal,61751,26260,20,0.49159999999999998,0.49159999999999998,aperio,3,1.0,24582
62666.svs,abnormal,63743,25926,20,0.49159999999999998,0.49159999999999998,aperio,3,1.0,25048
62701.svs,abnormal,59759,25016,20,0.49159999999999998,0.49159999999999998,aperio,3,1.0,22601
62711.svs,abnormal,55775,23440,20,0.49159999999999998,0.49159999999999998,aperio,3,1.0,19747
62848.svs,abnormal,75695,37633,20,0.49159999999999998,0.49159999999999998,aperio,4,1.0,43365
62885.svs,abnormal,79679,32307,20,0.49159999999999998,0.49159999999999998,aperio,4,1.0,39186
62887.svs,abnormal,77687,32726,20,0.49159999999999998,0.49159999999999998,aperio,4,1.0,38481
63411.svs,abnormal,67727,31981,20,0.49619999999999997,0.49619999999999997,aperio,4,1.0,32736
63446.svs,abnormal,57767,37658,20,0.49159999999999998,0.49159999999999998,aperio,3,1.0,33075
63450.svs,abnormal,55775,32421,20,0.49159999999999998,0.49159999999999998,aperio,3,1.0,27342
6359.svs,abnormal,71711,31986,20,0.49159999999999998,0.49159999999999998,aperio,4,1.0,34720
6362.svs,abnormal,63743,31912,20,0.49159999999999998,0.49159999999999998,aperio,3,1.0,30752
63748.svs,abnormal,51791,29433,20,0.49159999999999998,0.49159999999999998,aperio,3,1.0,23028
63752.svs,abnormal,57767,35330,20,0.49159999999999998,0.49159999999999998,aperio,3,1.0,31050
63831.svs,abnormal,55775,36662,20,0.49159999999999998,0.49159999999999998,aperio,3,1.0,31031
63937.svs,abnormal,55775,36247,20,0.49159999999999998,0.49159999999999998,aperio,3,1.0,30597
64601.svs,abnormal,57767,37742,20,0.49159999999999998,0.49159999999999998,aperio,3,1.0,33075
65121.svs,abnormal,61751,32497,20,0.49159999999999998,0.49159999999999998,aperio,3,1.0,30366
6529.svs,abnormal,73703,34560,20,0.49159999999999998,0.49159999999999998,aperio,4,1.0,38745
6530.svs,abnormal,77687,34639,20,0.49159999999999998,0.49159999999999998,aperio,4,1.0,40905
65341.svs,abnormal,71711,40299,20,0.49159999999999998,0.49159999999999998,aperio,4,1.0,43960
6536.svs,abnormal,73703,36806,20,0.49159999999999998,0.49159999999999998,aperio,4,1.0,41041
6538.svs,abnormal,73703,33646,20,0.49159999999999998,0.49159999999999998,aperio,4,1.0,37597
65383.svs,abnormal,73703,37968,20,0.49159999999999998,0.49159999999999998,aperio,4,1.0,42476
65387.svs,abnormal,71711,38887,20,0.49159999999999998,0.49159999999999998,aperio,4,1.0,42280
6539.svs,abnormal,69719,31822,20,0.49159999999999998,0.49159999999999998,aperio,4,1.0,33728
65607.svs,abnormal,73703,35475,20,0.49159999999999998,0.49159999999999998,aperio,4,1.0,39606
65615.svs,abnormal,79679,38210,20,0.49159999999999998,0.49159999999999998,aperio,4,1.0,46339
65626.svs,abnormal,73703,34393,20,0.49159999999999998,0.49159999999999998,aperio,4,1.0,38458
65666.svs,abnormal,73703,39050,20,0.49159999999999998,0.49159999999999998,aperio,4,1.0,43624
65686.svs,abnormal,71711,39719,20,0.49159999999999998,0.49159999999999998,aperio,4,1.0,43400
65698.svs,abnormal,85655,35875,20,0.49159999999999998,0.49159999999999998,aperio,4,1.0,46760
65745.svs,abnormal,73703,43707,20,0.49159999999999998,0.49159999999999998,aperio,4,1.0,48790
66236.svs,abnormal,79679,35329,20,0.49619999999999997,0.49619999999999997,aperio,4,1.0,42918
66271.svs,abnormal,73703,36609,20,0.49619999999999997,0.49619999999999997,aperio,4,1.0,41041
66279.svs,abnormal,83663,38676,20,0.49619999999999997,0.49619999999999997,aperio,4,1.0,49226
66287.svs,abnormal,85655,42116,20,0.49619999999999997,0.49619999999999997,aperio,4,1.0,54776
66297.svs,abnormal,81671,38129,20,0.49619999999999997,0.49619999999999997,aperio,4,1.0,47212
66518.svs,abnormal,115535,47310,20,0.49159999999999998,0.49159999999999998,aperio,4,1.0,82984
66688.svs,abnormal,73703,38635,20,0.49159999999999998,0.49159999999999998,aperio,4,1.0,43050
66786.svs,abnormal,85655,35874,20,0.49159999999999998,0.49159999999999998,aperio,4,1.0,46760
66829.svs,abnormal,81671,44278,20,0.49159999999999998,0.49159999999999998,aperio,4,1.0,54868
66982.svs,abnormal,77687,43571,20,0.49619999999999997,0.49619999999999997,aperio,4,1.0,51510
67063.svs,abnormal,79679,35237,20,0.49619999999999997,0.49619999999999997,aperio,4,1.0,42607
67084.svs,abnormal,79679,36865,20,0.49619999999999997,0.49619999999999997,aperio,4,1.0,44784
67116.svs,abnormal,77687,37846,20,0.49619999999999997,0.49619999999999997,aperio,4,1.0,44541
67129.svs,abnormal,85655,32030,20,0.49619999999999997,0.49619999999999997,aperio,4,1.0,41750
67131.svs,abnormal,85655,34776,20,0.49619999999999997,0.49619999999999997,aperio,4,1.0,45090
67249.svs,abnormal,79679,36216,20,0.49159999999999998,0.49159999999999998,aperio,4,1.0,43851
67266.svs,abnormal,73703,39549,20,0.49159999999999998,0.49159999999999998,aperio,4,1.0,44198
70452.svs,abnormal,65735,41768,20,0.49619999999999997,0.49619999999999997,aperio,4,1.0,41728
70461.svs,abnormal,65735,44660,20,0.49619999999999997,0.49619999999999997,aperio,4,1.0,44544
70531.svs,abnormal,41831,42004,20,0.49159999999999998,0.49159999999999998,aperio,3,1.0,26732
70550.svs,abnormal,45815,38588,20,0.49159999999999998,0.49159999999999998,aperio,3,1.0,26700
70554.svs,abnormal,41831,40507,20,0.49159999999999998,0.49159999999999998,aperio,3,1.0,25754
70558.svs,abnormal,51791,39413,20,0.49159999999999998,0.49159999999999998,aperio,3,1.0,30906
70585.svs,abnormal,39839,35685,20,0.49159999999999998,0.49159999999999998,aperio,3,1.0,21545
70731.svs,abnormal,39839,41257,20,0.49159999999999998,0.49159999999999998,aperio,3,1.0,24955
70830.svs,abnormal,39839,36601,20,0.49159999999999998,0.49159999999999998,aperio,3,1.0,22010
71072.svs,abnormal,67727,34984,20,0.49159999999999998,0.49159999999999998,aperio,4,1.0,35904
71249.svs,abnormal,45815,47654,20,0.49159999999999998,0.49159999999999998,aperio,3,1.0,33108
71271.svs,abnormal,67727,39973,20,0.49159999999999998,0.49159999999999998,aperio,4,1.0,41184
71360.svs,abnormal,43823,45493,20,0.49159999999999998,0.49159999999999998,aperio,3,1.0,30267
7745.svs,abnormal,59759,30005,20,0.49159999999999998,0.49159999999999998,aperio,3,1.0,27261
8049.svs,abnormal,61751,27376,20,0.49619999999999997,0.49619999999999997,aperio,3,1.0,25546
8303.svs,abnormal,53783,36000,20,0.49159999999999998,0.49159999999999998,aperio,3,1.0,29400
8314.svs,abnormal,55775,30926,20,0.49159999999999998,0.49159999999999998,aperio,3,1.0,26040
8317.svs,abnormal,49799,30849,20,0.49159999999999998,0.49159999999999998,aperio,3,1.0,23280
8357.svs,abnormal,55775,35082,20,0.49159999999999998,0.49159999999999998,aperio,3,1.0,29729
8362.svs,abnormal,59759,29590,20,0.49159999999999998,0.49159999999999998,aperio,3,1.0,26795
8384.svs,abnormal,59759,35244,20,0.49159999999999998,0.49159999999999998,aperio,3,1.0,31921
8414.svs,abnormal,53783,33174,20,0.49159999999999998,0.49159999999999998,aperio,3,1.0,27090
8739.svs,abnormal,53783,31843,20,0.49159999999999998,0.49159999999999998,aperio,3,1.0,26040
10650.svs,normal,49799,32678,20,0.49159999999999998,0.49159999999999998,aperio,3,1.0,24638
10651.svs,normal,53783,34920,20,0.49159999999999998,0.49159999999999998,aperio,3,1.0,28560
11030.svs,normal,61751,28258,20,0.49159999999999998,0.49159999999999998,aperio,3,1.0,26510
11031.svs,normal,55775,23858,20,0.49159999999999998,0.49159999999999998,aperio,3,1.0,20181
11052.svs,normal,59759,33595,20,0.49619999999999997,0.49619999999999997,aperio,3,1.0,30523
11076.svs,normal,53783,41724,20,0.49619999999999997,0.49619999999999997,aperio,3,1.0,34020
11461.svs,normal,61751,33828,20,0.49159999999999998,0.49159999999999998,aperio,3,1.0,31812
11466.svs,normal,65735,30412,20,0.49159999999999998,0.49159999999999998,aperio,4,1.0,30208
11472.svs,normal,65735,30496,20,0.49159999999999998,0.49159999999999998,aperio,4,1.0,30464
11474.svs,normal,65735,32160,20,0.49159999999999998,0.49159999999999998,aperio,4,1.0,32000
11717.svs,normal,59759,42550,20,0.49619999999999997,0.49619999999999997,aperio,3,1.0,38678
11720.svs,normal,59759,40856,20,0.49619999999999997,0.49619999999999997,aperio,3,1.0,37047
11864.svs,normal,105575,45937,20,0.49619999999999997,0.49619999999999997,aperio,4,1.0,73748
11930.svs,normal,89639,46104,20,0.49619999999999997,0.49619999999999997,aperio,4,1.0,63000
11935.svs,normal,61751,36496,20,0.49619999999999997,0.49619999999999997,aperio,3,1.0,34222
13050.svs,normal,53783,30771,20,0.49619999999999997,0.49619999999999997,aperio,3,1.0,25200
13082.svs,normal,51791,32637,20,0.49619999999999997,0.49619999999999997,aperio,3,1.0,25654
13103.svs,normal,51791,33680,20,0.49619999999999997,0.49619999999999997,aperio,3,1.0,26462
13107.svs,normal,53783,35204,20,0.49619999999999997,0.49619999999999997,aperio,3,1.0,28770
13114.svs,normal,51791,32406,20,0.49619999999999997,0.49619999999999997,aperio,3,1.0,25452
13118.svs,normal,51791,31520,20,0.49619999999999997,0.49619999999999997,aperio,3,1.0,24846
13125.svs,normal,49799,31370,20,0.49619999999999997,0.49619999999999997,aperio,3,1.0,23668
15500.svs,normal,105575,45937,20,0.49619999999999997,0.49619999999999997,aperio,4,1.0,73748
15544.svs,normal,67727,46332,20,0.49619999999999997,0.49619999999999997,aperio,4,1.0,47520
15552.svs,normal,35855,32563,20,0.49619999999999997,0.49619999999999997,aperio,3,1.0,17780
15635.svs,normal,105575,45937,20,0.49619999999999997,0.49619999999999997,aperio,4,1.0,73748
15651.svs,normal,105575,45937,20,0.49619999999999997,0.49619999999999997,aperio,4,1.0,73748
15795.svs,normal,47807,41413,20,0.49159999999999998,0.49159999999999998,aperio,3,1.0,29946
15798.svs,normal,49799,38083,20,0.49159999999999998,0.49159999999999998,aperio,3,1.0,28712
15813.svs,normal,49799,37501,20,0.49159999999999998,0.49159999999999998,aperio,3,1.0,28324
15814.svs,normal,45815,36676,20,0.49159999999999998,0.49159999999999998,aperio,3,1.0,25454
15820.svs,normal,47807,34596,20,0.49159999999999998,0.49159999999999998,aperio,3,1.0,25110
16711.svs,normal,49799,30684,20,0.49159999999999998,0.49159999999999998,aperio,3,1.0,23086
16716.svs,normal,53783,29764,20,0.49159999999999998,0.49159999999999998,aperio,3,1.0,24360
19711.svs,normal,45815,34681,20,0.49159999999999998,0.49159999999999998,aperio,3,1.0,24030
20359.svs,normal,63743,34457,20,0.49619999999999997,0.49619999999999997,aperio,3,1.0,33232
20362.svs,normal,63743,38071,20,0.49619999999999997,0.49619999999999997,aperio,3,1.0,36704
20417.svs,normal,63743,34449,20,0.49619999999999997,0.49619999999999997,aperio,3,1.0,33232
20419.svs,normal,63743,33892,20,0.49619999999999997,0.49619999999999997,aperio,3,1.0,32736
20473.svs,normal,105575,45937,20,0.49619999999999997,0.49619999999999997,aperio,4,1.0,73748
20480.svs,normal,63743,44531,20,0.49619999999999997,0.49619999999999997,aperio,3,1.0,42904
20965.svs,normal,45815,33018,20,0.49159999999999998,0.49159999999999998,aperio,3,1.0,22784
20974.svs,normal,43823,26201,20,0.49159999999999998,0.49159999999999998,aperio,3,1.0,17442
20975.svs,normal,45815,26366,20,0.49159999999999998,0.49159999999999998,aperio,3,1.0,18156
21002.svs,normal,45815,25950,20,0.49159999999999998,0.49159999999999998,aperio,3,1.0,17978
21009.svs,normal,41831,23378,20,0.49159999999999998,0.49159999999999998,aperio,3,1.0,14833
21012.svs,normal,43823,29362,20,0.49159999999999998,0.49159999999999998,aperio,3,1.0,19494
21019.svs,normal,39839,23879,20,0.49159999999999998,0.49159999999999998,aperio,3,1.0,14415
21941.svs,normal,45815,39170,20,0.49159999999999998,0.49159999999999998,aperio,3,1.0,27234
21952.svs,normal,43823,34766,20,0.49159999999999998,0.49159999999999998,aperio,3,1.0,23085
22056.svs,normal,39839,32859,20,0.49159999999999998,0.49159999999999998,aperio,3,1.0,19840
22080.svs,normal,41831,36932,20,0.49159999999999998,0.49159999999999998,aperio,3,1.0,23472
22084.svs,normal,43823,38343,20,0.49159999999999998,0.49159999999999998,aperio,3,1.0,25479
22694.svs,normal,29879,30294,20,0.49159999999999998,0.49159999999999998,aperio,3,1.0,13688
25607.svs,normal,59759,27426,20,0.49159999999999998,0.49159999999999998,aperio,3,1.0,24931
25611.svs,normal,63743,27922,20,0.49159999999999998,0.49159999999999998,aperio,3,1.0,27032
25612.svs,normal,63743,42914,20,0.49619999999999997,0.49619999999999997,aperio,3,1.0,41416
25617.svs,normal,59759,39168,20,0.49619999999999997,0.49619999999999997,aperio,3,1.0,35649
25700.svs,normal,59759,38843,20,0.49619999999999997,0.49619999999999997,aperio,3,1.0,35183
25705.svs,normal,59759,36255,20,0.49619999999999997,0.49619999999999997,aperio,3,1.0,32853
25760.svs,normal,61751,39867,20,0.49619999999999997,0.49619999999999997,aperio,3,1.0,37355
25763.svs,normal,61751,42773,20,0.49619999999999997,0.49619999999999997,aperio,3,1.0,40247
25958.svs,normal,57767,38537,20,0.49619999999999997,0.49619999999999997,aperio,3,1.0,33750
25966.svs,normal,65735,43303,20,0.49619999999999997,0.49619999999999997,aperio,4,1.0,43264
25970.svs,normal,63743,34574,20,0.49159999999999998,0.49159999999999998,aperio,3,1.0,33480
25998.svs,normal,55775,38894,20,0.49619999999999997,0.49619999999999997,aperio,3,1.0,32767
26003.svs,normal,63743,44050,20,0.49619999999999997,0.49619999999999997,aperio,3,1.0,42656
26022.svs,normal,55775,34773,20,0.49619999999999997,0.49619999999999997,aperio,3,1.0,29295
26083.svs,normal,57767,34261,20,0.49619999999999997,0.49619999999999997,aperio,3,1.0,29925
26126.svs,normal,67727,45860,20,0.49619999999999997,0.49619999999999997,aperio,4,1.0,47256
26131.svs,normal,53783,41565,20,0.49619999999999997,0.49619999999999997,aperio,3,1.0,34020
26555.svs,normal,69719,32652,20,0.49159999999999998,0.49159999999999998,aperio,4,1.0,34544
26558.svs,normal,65735,32908,20,0.49159999999999998,0.49159999999999998,aperio,4,1.0,32768
26565.svs,normal,75695,37634,20,0.49159999999999998,0.49159999999999998,aperio,4,1.0,43365
26585.svs,normal,67727,37395,20,0.49159999999999998,0.49159999999999998,aperio,4,1.0,38544
26589.svs,normal,73703,36140,20,0.49159999999999998,0.49159999999999998,aperio,4,1.0,40467
26600.svs,normal,75695,30067,20,0.49159999999999998,0.49159999999999998,aperio,4,1.0,34515
27108.svs,normal,59759,40400,20,0.49159999999999998,0.49159999999999998,aperio,3,1.0,36581
27113.svs,normal,43823,35431,20,0.49159999999999998,0.49159999999999998,aperio,3,1.0,23598
27213.svs,normal,55775,37911,20,0.49159999999999998,0.49159999999999998,aperio,3,1.0,32116
27217.svs,normal,61751,34577,20,0.49159999999999998,0.49159999999999998,aperio,3,1.0,32535
27361.svs,normal,59759,42550,20,0.49619999999999997,0.49619999999999997,aperio,3,1.0,38678
27368.svs,normal,61751,41651,20,0.49619999999999997,0.49619999999999997,aperio,3,1.0,39042
27411.svs,normal,65735,32325,20,0.49159999999999998,0.49159999999999998,aperio,4,1.0,32256
27412.svs,normal,105575,45937,20,0.49619999999999997,0.49619999999999997,aperio,4,1.0,73748
27413.svs,normal,65735,33074,20,0.49159999999999998,0.49159999999999998,aperio,4,1.0,33024
27416.svs,normal,73703,35642,20,0.49159999999999998,0.49159999999999998,aperio,4,1.0,39893
27418.svs,normal,71711,31984,20,0.49159999999999998,0.49159999999999998,aperio,4,1.0,34720
27501.svs,normal,105575,45937,20,0.49619999999999997,0.49619999999999997,aperio,4,1.0,73748
27510.svs,normal,67727,37874,20,0.49619999999999997,0.49619999999999997,aperio,4,1.0,38808
27617.svs,normal,61751,25179,20,0.49159999999999998,0.49159999999999998,aperio,3,1.0,23618
27620.svs,normal,59759,28924,20,0.49159999999999998,0.49159999999999998,aperio,3,1.0,26096
27649.svs,normal,57767,28845,20,0.49159999999999998,0.49159999999999998,aperio,3,1.0,25200
27653.svs,normal,53783,27018,20,0.49159999999999998,0.49159999999999998,aperio,3,1.0,22050
28071.svs,normal,83663,43777,20,0.49159999999999998,0.49159999999999998,aperio,4,1.0,55746
28075.svs,normal,59759,38654,20,0.49159999999999998,0.49159999999999998,aperio,3,1.0,34950
28125.svs,normal,61751,41729,20,0.49159999999999998,0.49159999999999998,aperio,3,1.0,39283
28128.svs,normal,59759,42062,20,0.49159999999999998,0.49159999999999998,aperio,3,1.0,38212
28146.svs,normal,61751,44971,20,0.49159999999999998,0.49159999999999998,aperio,3,1.0,42175
28164.svs,normal,57767,39489,20,0.49159999999999998,0.49159999999999998,aperio,3,1.0,34650
28168.svs,normal,49799,42576,20,0.49159999999999998,0.49159999999999998,aperio,3,1.0,32204
28214.svs,normal,61751,42973,20,0.49159999999999998,0.49159999999999998,aperio,3,1.0,40247
28670.svs,normal,63743,42833,20,0.49619999999999997,0.49619999999999997,aperio,3,1.0,41416
28693.svs,normal,105575,45937,20,0.49619999999999997,0.49619999999999997,aperio,4,1.0,73748
28715.svs,normal,65735,29333,20,0.49159999999999998,0.49159999999999998,aperio,4,1.0,29184
28716.svs,normal,67727,27085,20,0.49159999999999998,0.49159999999999998,aperio,4,1.0,27720
28751.svs,normal,69719,26833,20,0.49159999999999998,0.49159999999999998,aperio,4,1.0,28288
29026.svs,normal,61751,29254,20,0.49159999999999998,0.49159999999999998,aperio,3,1.0,27474
29858.svs,normal,57767,31256,20,0.49159999999999998,0.49159999999999998,aperio,3,1.0,27450
29886.svs,normal,59759,35826,20,0.49159999999999998,0.49159999999999998,aperio,3,1.0,32387
29896.svs,normal,55775,34751,20,0.49159999999999998,0.49159999999999998,aperio,3,1.0,29295
30261.svs,normal,47807,28608,20,0.49159999999999998,0.49159999999999998,aperio,3,1.0,20646
30406.svs,normal,69719,43248,20,0.49619999999999997,0.49619999999999997,aperio,4,1.0,45696
30408.svs,normal,57767,38136,20,0.49619999999999997,0.49619999999999997,aperio,3,1.0,33300
30474.svs,normal,51791,29101,20,0.49159999999999998,0.49159999999999998,aperio,3,1.0,22826
30499.svs,normal,55775,30842,20,0.49159999999999998,0.49159999999999998,aperio,3,1.0,26040
30514.svs,normal,53783,30763,20,0.49159999999999998,0.49159999999999998,aperio,3,1.0,25200
30520.svs,normal,59759,29674,20,0.49159999999999998,0.49159999999999998,aperio,3,1.0,26795
30523.svs,normal,55775,36331,20,0.49159999999999998,0.49159999999999998,aperio,3,1.0,30597
30714.svs,normal,61751,40520,20,0.49619999999999997,0.49619999999999997,aperio,3,1.0,38078
30750.svs,normal,57767,38553,20,0.49619999999999997,0.49619999999999997,aperio,3,1.0,33750
30752.svs,normal,59759,40702,20,0.49619999999999997,0.49619999999999997,aperio,3,1.0,36814
30823.svs,normal,53783,32674,20,0.49159999999999998,0.49159999999999998,aperio,3,1.0,26670
30842.svs,normal,61751,38338,20,0.49619999999999997,0.49619999999999997,aperio,3,1.0,35909
31123.svs,normal,53783,32260,20,0.49159999999999998,0.49159999999999998,aperio,3,1.0,26460
31164.svs,normal,105575,45937,20,0.49619999999999997,0.49619999999999997,aperio,4,1.0,73748
31165.svs,normal,61751,44719,20,0.49619999999999997,0.49619999999999997,aperio,3,1.0,41934
31635.svs,normal,33863,42430,20,0.49159999999999998,0.49159999999999998,aperio,3,1.0,21780
31644.svs,normal,33863,40101,20,0.49159999999999998,0.49159999999999998,aperio,3,1.0,20592
31793.svs,normal,73703,46275,20,0.49619999999999997,0.49619999999999997,aperio,4,1.0,51660
31816.svs,normal,105575,45937,20,0.49619999999999997,0.49619999999999997,aperio,4,1.0,73748
31820.svs,normal,59759,42894,20,0.49159999999999998,0.49159999999999998,aperio,3,1.0,38911
31825.svs,normal,61751,44970,20,0.49159999999999998,0.49159999999999998,aperio,3,1.0,42175
31945.svs,normal,57767,40154,20,0.49159999999999998,0.49159999999999998,aperio,3,1.0,35100
31977.svs,normal,63743,36902,20,0.49159999999999998,0.49159999999999998,aperio,3,1.0,35712
31993.svs,normal,59759,44807,20,0.49159999999999998,0.49159999999999998,aperio,3,1.0,40775
32010.svs,normal,59759,40233,20,0.49159999999999998,0.49159999999999998,aperio,3,1.0,36581
32085.svs,normal,37847,41734,20,0.49619999999999997,0.49619999999999997,aperio,3,1.0,23961
32164.svs,normal,105575,45937,20,0.49619999999999997,0.49619999999999997,aperio,4,1.0,73748
32174.svs,normal,33863,42102,20,0.49619999999999997,0.49619999999999997,aperio,3,1.0,21648
32268.svs,normal,63743,30832,20,0.49159999999999998,0.49159999999999998,aperio,3,1.0,29760
32324.svs,normal,71711,33647,20,0.49159999999999998,0.49159999999999998,aperio,4,1.0,36680
32325.svs,normal,63743,32245,20,0.49159999999999998,0.49159999999999998,aperio,3,1.0,31000
32599.svs,normal,105575,45937,20,0.49619999999999997,0.49619999999999997,aperio,4,1.0,73748
32904.svs,normal,43823,46508,20,0.49619999999999997,0.49619999999999997,aperio,3,1.0,30951
33009.svs,normal,53783,31593,20,0.49159999999999998,0.49159999999999998,aperio,3,1.0,25830
33014.svs,normal,51791,33093,20,0.49159999999999998,0.49159999999999998,aperio,3,1.0,26058
33062.svs,normal,51791,33591,20,0.49159999999999998,0.49159999999999998,aperio,3,1.0,26462
33067.svs,normal,51791,33259,20,0.49159999999999998,0.49159999999999998,aperio,3,1.0,26058
33071.svs,normal,47807,38252,20,0.49159999999999998,0.49159999999999998,aperio,3,1.0,27714
33072.svs,normal,53783,32675,20,0.49159999999999998,0.49159999999999998,aperio,3,1.0,26670
33080.svs,normal,53783,37498,20,0.49159999999999998,0.49159999999999998,aperio,3,1.0,30660
33352.svs,normal,53783,32924,20,0.49159999999999998,0.49159999999999998,aperio,3,1.0,26880
33361.svs,normal,47807,30437,20,0.49159999999999998,0.49159999999999998,aperio,3,1.0,21948
33390.svs,normal,49799,33260,20,0.49159999999999998,0.49159999999999998,aperio,3,1.0,25026
33396.svs,normal,51791,33426,20,0.49159999999999998,0.49159999999999998,aperio,3,1.0,26260
33433.svs,normal,33863,36376,20,0.49619999999999997,0.49619999999999997,aperio,3,1.0,18744
33479.svs,normal,33863,35966,20,0.49619999999999997,0.49619999999999997,aperio,3,1.0,18480
33651.svs,normal,47807,31933,20,0.49159999999999998,0.49159999999999998,aperio,3,1.0,23064
33662.svs,normal,51791,32012,20,0.49159999999999998,0.49159999999999998,aperio,3,1.0,25250
33680.svs,normal,43823,31273,20,0.49159999999999998,0.49159999999999998,aperio,3,1.0,20862
33920.svs,normal,45815,31688,20,0.49159999999999998,0.49159999999999998,aperio,3,1.0,21894
33925.svs,normal,31871,35587,20,0.49619999999999997,0.49619999999999997,aperio,3,1.0,17236
33930.svs,normal,47807,34926,20,0.49159999999999998,0.49159999999999998,aperio,3,1.0,25296
33936.svs,normal,41831,26535,20,0.49159999999999998,0.49159999999999998,aperio,3,1.0,16789
33943.svs,normal,43823,28613,20,0.49159999999999998,0.49159999999999998,aperio,3,1.0,18981
33964.svs,normal,105575,45937,20,0.49619999999999997,0.49619999999999997,aperio,4,1.0,73748
33978.svs,normal,105575,45937,20,0.49619999999999997,0.49619999999999997,aperio,4,1.0,73748
34069.svs,normal,105575,45937,20,0.49619999999999997,0.49619999999999997,aperio,4,1.0,73748
34227.svs,normal,47807,34012,20,0.49159999999999998,0.49159999999999998,aperio,3,1.0,24552
34247.svs,normal,51791,37333,20,0.49159999999999998,0.49159999999999998,aperio,3,1.0,29290
34271.svs,normal,51791,35255,20,0.49159999999999998,0.49159999999999998,aperio,3,1.0,27674
34346.svs,normal,31871,32926,20,0.49619999999999997,0.49619999999999997,aperio,3,1.0,15872
34374.svs,normal,29879,23837,20,0.49619999999999997,0.49619999999999997,aperio,3,1.0,10788
34831.svs,normal,29879,25139,20,0.49159999999999998,0.49159999999999998,aperio,3,1.0,11368
34989.svs,normal,49799,32430,20,0.49619999999999997,0.49619999999999997,aperio,3,1.0,24444
35156.svs,normal,31871,29210,20,0.49159999999999998,0.49159999999999998,aperio,3,1.0,14136
35180.svs,normal,33863,30953,20,0.49159999999999998,0.49159999999999998,aperio,3,1.0,15840
35185.svs,normal,35855,33863,20,0.49159999999999998,0.49159999999999998,aperio,3,1.0,18480
35201.svs,normal,37847,28537,20,0.49159999999999998,0.49159999999999998,aperio,3,1.0,16317
35222.svs,normal,37847,27956,20,0.49159999999999998,0.49159999999999998,aperio,3,1.0,16023
35343.svs,normal,47807,35663,20,0.49619999999999997,0.49619999999999997,aperio,3,1.0,25854
35344.svs,normal,43823,33456,20,0.49619999999999997,0.49619999999999997,aperio,3,1.0,22230
35354.svs,normal,39839,33648,20,0.49619999999999997,0.49619999999999997,aperio,3,1.0,20305
35356.svs,normal,45815,31414,20,0.49619999999999997,0.49619999999999997,aperio,3,1.0,21716
35359.svs,normal,45815,34569,20,0.49619999999999997,0.49619999999999997,aperio,3,1.0,24030
35368.svs,normal,39839,31872,20,0.49619999999999997,0.49619999999999997,aperio,3,1.0,19220
35739.svs,normal,35855,37189,20,0.49159999999999998,0.49159999999999998,aperio,3,1.0,20300
35988.svs,normal,35855,30952,20,0.49159999999999998,0.49159999999999998,aperio,3,1.0,16800
35998.svs,normal,33863,31287,20,0.49159999999999998,0.49159999999999998,aperio,3,1.0,16104
36100.svs,normal,31871,30958,20,0.49159999999999998,0.49159999999999998,aperio,3,1.0,14880
36105.svs,normal,35855,32365,20,0.49159999999999998,0.49159999999999998,aperio,3,1.0,17640
36213.svs,normal,31871,27040,20,0.49619999999999997,0.49619999999999997,aperio,3,1.0,13020
36219.svs,normal,33863,29195,20,0.49619999999999997,0.49619999999999997,aperio,3,1.0,15048
36316.svs,normal,35855,26369,20,0.49619999999999997,0.49619999999999997,aperio,3,1.0,14420
36428.svs,normal,29879,24058,20,0.49159999999999998,0.49159999999999998,aperio,3,1.0,10788
36439.svs,normal,27887,33124,20,0.49159999999999998,0.49159999999999998,aperio,3,1.0,13932
36543.svs,normal,27887,23810,20,0.49159999999999998,0.49159999999999998,aperio,3,1.0,10044
36656.svs,normal,53783,34074,20,0.49619999999999997,0.49619999999999997,aperio,3,1.0,27930
36662.svs,normal,49799,31296,20,0.49619999999999997,0.49619999999999997,aperio,3,1.0,23668
36698.svs,normal,49799,32894,20,0.49619999999999997,0.49619999999999997,aperio,3,1.0,24832
36943.svs,normal,33863,29043,20,0.49159999999999998,0.49159999999999998,aperio,3,1.0,14916
36957.svs,normal,33863,37938,20,0.49159999999999998,0.49159999999999998,aperio,3,1.0,19536
37052.svs,normal,47807,33648,20,0.49619999999999997,0.49619999999999997,aperio,3,1.0,24366
37055.svs,normal,45815,32385,20,0.49619999999999997,0.49619999999999997,aperio,3,1.0,22428
37095.svs,normal,47807,34787,20,0.49619999999999997,0.49619999999999997,aperio,3,1.0,25110
37098.svs,normal,47807,32124,20,0.49619999999999997,0.49619999999999997,aperio,3,1.0,23250
37115.svs,normal,45815,35194,20,0.49619999999999997,0.49619999999999997,aperio,3,1.0,24386
37661.svs,normal,33863,32785,20,0.49159999999999998,0.49159999999999998,aperio,3,1.0,16896
37665.svs,normal,31871,31371,20,0.49159999999999998,0.49159999999999998,aperio,3,1.0,15128
37693.svs,normal,33863,34365,20,0.49159999999999998,0.49159999999999998,aperio,3,1.0,17688
37698.svs,normal,35855,35607,20,0.49159999999999998,0.49159999999999998,aperio,3,1.0,19460
37702.svs,normal,31871,30789,20,0.49159999999999998,0.49159999999999998,aperio,3,1.0,14880
37716.svs,normal,33863,33450,20,0.49159999999999998,0.49159999999999998,aperio,3,1.0,17160
37726.svs,normal,31871,32703,20,0.49159999999999998,0.49159999999999998,aperio,3,1.0,15748
37730.svs,normal,33863,31535,20,0.49159999999999998,0.49159999999999998,aperio,3,1.0,16236
38211.svs,normal,49799,28078,20,0.49619999999999997,0.49619999999999997,aperio,3,1.0,21146
38214.svs,normal,45815,27861,20,0.49619999999999997,0.49619999999999997,aperio,3,1.0,19224
38563.svs,normal,55775,44977,20,0.49159999999999998,0.49159999999999998,aperio,3,1.0,37975
38568.svs,normal,53783,32791,20,0.49619999999999997,0.49619999999999997,aperio,3,1.0,26880
38573.svs,normal,37847,32944,20,0.49159999999999998,0.49159999999999998,aperio,3,1.0,18816
38581.svs,normal,51791,35540,20,0.49619999999999997,0.49619999999999997,aperio,3,1.0,27876
38589.svs,normal,49799,32431,20,0.49619999999999997,0.49619999999999997,aperio,3,1.0,24444
38618.svs,normal,29879,33704,20,0.49159999999999998,0.49159999999999998,aperio,3,1.0,15196
38623.svs,normal,33863,36277,20,0.49159999999999998,0.49159999999999998,aperio,3,1.0,18612
40591.svs,normal,53783,40755,20,0.49619999999999997,0.49619999999999997,aperio,3,1.0,33390
40613.svs,normal,55775,31638,20,0.49619999999999997,0.49619999999999997,aperio,3,1.0,26691
40616.svs,normal,53783,26504,20,0.49619999999999997,0.49619999999999997,aperio,3,1.0,21630
40625.svs,normal,55775,34614,20,0.49619999999999997,0.49619999999999997,aperio,3,1.0,29295
40634.svs,normal,55775,37431,20,0.49619999999999997,0.49619999999999997,aperio,3,1.0,31682
4103.svs,normal,57781,32943,20,0.49840000000000001,0.49840000000000001,aperio,3,1.0,28800
4125.svs,normal,61766,36273,20,0.49840000000000001,0.49840000000000001,aperio,3,1.0,33981
4131.svs,normal,65751,31278,20,0.49840000000000001,0.49840000000000001,aperio,4,1.0,31232
4132.svs,normal,59773,30638,20,0.49840000000000001,0.49840000000000001,aperio,3,1.0,27727
41387.svs,normal,59759,29006,20,0.49159999999999998,0.49159999999999998,aperio,3,1.0,26329
41389.svs,normal,61751,29170,20,0.49159999999999998,0.49159999999999998,aperio,3,1.0,27233
41396.svs,normal,59759,30921,20,0.49159999999999998,0.49159999999999998,aperio,3,1.0,27960
41401.svs,normal,61751,28839,20,0.49159999999999998,0.49159999999999998,aperio,3,1.0,26992
41412.svs,normal,57767,29175,20,0.49159999999999998,0.49159999999999998,aperio,3,1.0,25425
41414.svs,normal,53783,28102,20,0.49159999999999998,0.49159999999999998,aperio,3,1.0,22890
41434.svs,normal,61751,29919,20,0.49159999999999998,0.49159999999999998,aperio,3,1.0,27956
41436.svs,normal,61751,31832,20,0.49159999999999998,0.49159999999999998,aperio,3,1.0,29884
41774.svs,normal,65735,31162,20,0.49159999999999998,0.49159999999999998,aperio,4,1.0,30976
41776.svs,normal,61751,31333,20,0.49159999999999998,0.49159999999999998,aperio,3,1.0,29402
41786.svs,normal,77687,35969,20,0.49159999999999998,0.49159999999999998,aperio,4,1.0,42420
41790.svs,normal,65735,30080,20,0.49159999999999998,0.49159999999999998,aperio,4,1.0,29952
41837.svs,normal,69719,32737,20,0.49159999999999998,0.49159999999999998,aperio,4,1.0,34544
41850.svs,normal,69719,35314,20,0.49159999999999998,0.49159999999999998,aperio,4,1.0,37264
41856.svs,normal,73703,33395,20,0.49159999999999998,0.49159999999999998,aperio,4,1.0,37310
42454.svs,normal,71711,29573,20,0.49159999999999998,0.49159999999999998,aperio,4,1.0,32200
42465.svs,normal,69719,34483,20,0.49159999999999998,0.49159999999999998,aperio,4,1.0,36448
42524.svs,normal,57767,27265,20,0.49159999999999998,0.49159999999999998,aperio,3,1.0,23850
42533.svs,normal,55775,25936,20,0.49159999999999998,0.49159999999999998,aperio,3,1.0,21917
42545.svs,normal,53783,24109,20,0.49159999999999998,0.49159999999999998,aperio,3,1.0,19740
42968.svs,normal,37847,28192,20,0.49619999999999997,0.49619999999999997,aperio,3,1.0,16170
42980.svs,normal,39839,31002,20,0.49619999999999997,0.49619999999999997,aperio,3,1.0,18755
43813.svs,normal,69719,31655,20,0.49159999999999998,0.49159999999999998,aperio,4,1.0,33456
43836.svs,normal,75695,33310,20,0.49159999999999998,0.49159999999999998,aperio,4,1.0,38350
43838.svs,normal,67727,30245,20,0.49159999999999998,0.49159999999999998,aperio,4,1.0,31152
4405.svs,normal,103607,45238,20,0.49840000000000001,0.49840000000000001,aperio,4,1.0,71104
4408.svs,normal,93645,45238,20,0.49840000000000001,0.49840000000000001,aperio,4,1.0,64240
44132.svs,normal,65735,39183,20,0.49619999999999997,0.49619999999999997,aperio,4,1.0,39168
4419.svs,normal,57781,33967,20,0.49840000000000001,0.49840000000000001,aperio,3,1.0,29700
4420.svs,normal,59773,38066,20,0.49840000000000001,0.49840000000000001,aperio,3,1.0,34484
44228.svs,normal,59759,40690,20,0.49619999999999997,0.49619999999999997,aperio,3,1.0,36814
4439.svs,normal,65751,45238,20,0.49840000000000001,0.49840000000000001,aperio,4,1.0,45056
44391.svs,normal,71711,34728,20,0.49159999999999998,0.49159999999999998,aperio,4,1.0,37800
4440.svs,normal,63758,41908,20,0.49840000000000001,0.49840000000000001,aperio,3,1.0,40587
44422.svs,normal,67727,33238,20,0.49159999999999998,0.49159999999999998,aperio,4,1.0,34056
44427.svs,normal,67727,35482,20,0.49159999999999998,0.49159999999999998,aperio,4,1.0,36432
4458.svs,normal,65751,38450,20,0.49840000000000001,0.49840000000000001,aperio,4,1.0,38400
4460.svs,normal,67743,44085,20,0.49840000000000001,0.49840000000000001,aperio,4,1.0,45408
44817.svs,normal,105575,45937,20,0.49619999999999997,0.49619999999999997,aperio,4,1.0,73748
45007.svs,normal,71711,30489,20,0.49159999999999998,0.49159999999999998,aperio,4,1.0,33320
45014.svs,normal,63743,30415,20,0.49159999999999998,0.49159999999999998,aperio,3,1.0,29264
45442.svs,normal,51791,39737,20,0.49619999999999997,0.49619999999999997,aperio,3,1.0,31310
45482.svs,normal,65735,34676,20,0.49619999999999997,0.49619999999999997,aperio,4,1.0,34560
45495.svs,normal,105575,45937,20,0.49619999999999997,0.49619999999999997,aperio,4,1.0,73748
46059.svs,normal,63743,32078,20,0.49159999999999998,0.49159999999999998,aperio,3,1.0,31000
46069.svs,normal,61751,30750,20,0.49159999999999998,0.49159999999999998,aperio,3,1.0,28920
46382.svs,normal,73703,34643,20,0.49159999999999998,0.49159999999999998,aperio,4,1.0,38745
46384.svs,normal,69719,33319,20,0.49159999999999998,0.49159999999999998,aperio,4,1.0,35360
46723.svs,normal,63743,32495,20,0.49159999999999998,0.49159999999999998,aperio,3,1.0,31248
46730.svs,normal,67727,32322,20,0.49159999999999998,0.49159999999999998,aperio,4,1.0,33264
46735.svs,normal,29879,36255,20,0.49619999999999997,0.49619999999999997,aperio,3,1.0,16356
46777.svs,normal,31871,37848,20,0.49619999999999997,0.49619999999999997,aperio,3,1.0,18228
46810.svs,normal,33863,36389,20,0.49619999999999997,0.49619999999999997,aperio,3,1.0,18744
46814.svs,normal,33863,38082,20,0.49619999999999997,0.49619999999999997,aperio,3,1.0,19536
46824.svs,normal,35855,40154,20,0.49619999999999997,0.49619999999999997,aperio,3,1.0,21840
46828.svs,normal,31871,39714,20,0.49619999999999997,0.49619999999999997,aperio,3,1.0,19220
47465.svs,normal,65735,28418,20,0.49159999999999998,0.49159999999999998,aperio,4,1.0,28416
47467.svs,normal,69719,32404,20,0.49159999999999998,0.49159999999999998,aperio,4,1.0,34272
47472.svs,normal,75695,29652,20,0.49159999999999998,0.49159999999999998,aperio,4,1.0,33925
4765.svs,normal,55775,40824,20,0.49619999999999997,0.49619999999999997,aperio,3,1.0,34503
47821.svs,normal,29879,28754,20,0.49619999999999997,0.49619999999999997,aperio,3,1.0,12992
47825.svs,normal,37847,29159,20,0.49619999999999997,0.49619999999999997,aperio,3,1.0,16611
47844.svs,normal,33863,29605,20,0.49619999999999997,0.49619999999999997,aperio,3,1.0,15180
47849.svs,normal,61751,25680,20,0.49159999999999998,0.49159999999999998,aperio,3,1.0,24100
47856.svs,normal,59759,27759,20,0.49159999999999998,0.49159999999999998,aperio,3,1.0,25164
47857.svs,normal,33863,28892,20,0.49619999999999997,0.49619999999999997,aperio,3,1.0,14784
47861.svs,normal,33863,30326,20,0.49619999999999997,0.49619999999999997,aperio,3,1.0,15576
47862.svs,normal,59759,30339,20,0.49159999999999998,0.49159999999999998,aperio,3,1.0,27494
47871.svs,normal,55775,25022,20,0.49159999999999998,0.49159999999999998,aperio,3,1.0,21049
47880.svs,normal,29879,26587,20,0.49619999999999997,0.49619999999999997,aperio,3,1.0,11948
48078.svs,normal,61751,30917,20,0.49159999999999998,0.49159999999999998,aperio,3,1.0,28920
4828.svs,normal,61751,45385,20,0.49159999999999998,0.49159999999999998,aperio,3,1.0,42657
4829.svs,normal,61766,41140,20,0.49840000000000001,0.49840000000000001,aperio,3,1.0,38560
4839.svs,normal,57781,42036,20,0.49840000000000001,0.49840000000000001,aperio,3,1.0,36900
4845.svs,normal,57781,41908,20,0.49840000000000001,0.49840000000000001,aperio,3,1.0,36675
4867.svs,normal,61766,37810,20,0.49840000000000001,0.49840000000000001,aperio,3,1.0,35427
4872.svs,normal,61766,39859,20,0.49840000000000001,0.49840000000000001,aperio,3,1.0,37355
48761.svs,normal,31871,26235,20,0.49619999999999997,0.49619999999999997,aperio,3,1.0,12648
48794.svs,normal,35855,33133,20,0.49619999999999997,0.49619999999999997,aperio,3,1.0,18060
48799.svs,normal,33863,30977,20,0.49619999999999997,0.49619999999999997,aperio,3,1.0,15972
4880.svs,normal,65751,43573,20,0.49840000000000001,0.49840000000000001,aperio,4,1.0,43520
48833.svs,normal,33863,28323,20,0.49619999999999997,0.49619999999999997,aperio,3,1.0,14520
48858.svs,normal,31871,27784,20,0.49619999999999997,0.49619999999999997,aperio,3,1.0,13392
4887.svs,normal,61751,43640,20,0.49159999999999998,0.49159999999999998,aperio,3,1.0,40970
48906.svs,normal,29879,28852,20,0.49619999999999997,0.49619999999999997,aperio,3,1.0,12992
48919.svs,normal,29879,27796,20,0.49619999999999997,0.49619999999999997,aperio,3,1.0,12528
48948.svs,normal,37847,31913,20,0.49619999999999997,0.49619999999999997,aperio,3,1.0,18228
49032.svs,normal,45815,31935,20,0.49159999999999998,0.49159999999999998,aperio,3,1.0,22072
49038.svs,normal,45815,31271,20,0.49159999999999998,0.49159999999999998,aperio,3,1.0,21716
49042.svs,normal,47807,32515,20,0.49159999999999998,0.49159999999999998,aperio,3,1.0,23622
49044.svs,normal,49799,29853,20,0.49159999999999998,0.49159999999999998,aperio,3,1.0,22504
49052.svs,normal,41831,26953,20,0.49159999999999998,0.49159999999999998,aperio,3,1.0,17115
49056.svs,normal,41831,29695,20,0.49159999999999998,0.49159999999999998,aperio,3,1.0,18745
4916.svs,normal,57767,43728,20,0.49159999999999998,0.49159999999999998,aperio,3,1.0,38250
4919.svs,normal,63743,39312,20,0.49159999999999998,0.49159999999999998,aperio,3,1.0,37944
49235.svs,normal,29879,28444,20,0.49619999999999997,0.49619999999999997,aperio,3,1.0,12876
49278.svs,normal,31871,30766,20,0.49619999999999997,0.49619999999999997,aperio,3,1.0,14880
49342.svs,normal,31871,29632,20,0.49619999999999997,0.49619999999999997,aperio,3,1.0,14260
49442.svs,normal,31871,29382,20,0.49619999999999997,0.49619999999999997,aperio,3,1.0,14136
49467.svs,normal,29879,30051,20,0.49619999999999997,0.49619999999999997,aperio,3,1.0,13572
49478.svs,normal,31871,30360,20,0.49619999999999997,0.49619999999999997,aperio,3,1.0,14632
49738.svs,normal,47807,35508,20,0.49159999999999998,0.49159999999999998,aperio,3,1.0,25668
49763.svs,normal,43823,33270,20,0.49159999999999998,0.49159999999999998,aperio,3,1.0,22059
49768.svs,normal,41831,32938,20,0.49159999999999998,0.49159999999999998,aperio,3,1.0,20864
50628.svs,normal,43823,28113,20,0.49159999999999998,0.49159999999999998,aperio,3,1.0,18639
51461.svs,normal,59759,40816,20,0.49159999999999998,0.49159999999999998,aperio,3,1.0,37047
51464.svs,normal,57767,40734,20,0.49159999999999998,0.49159999999999998,aperio,3,1.0,35775
52313.svs,normal,61751,38319,20,0.49159999999999998,0.49159999999999998,aperio,3,1.0,35909
52317.svs,normal,61751,34908,20,0.49159999999999998,0.49159999999999998,aperio,3,1.0,32776
52670.svs,normal,59759,34829,20,0.49159999999999998,0.49159999999999998,aperio,3,1.0,31688
52671.svs,normal,57767,41233,20,0.49159999999999998,0.49159999999999998,aperio,3,1.0,36225
52807.svs,normal,31871,29880,20,0.49619999999999997,0.49619999999999997,aperio,3,1.0,14384
52816.svs,normal,31871,27050,20,0.49619999999999997,0.49619999999999997,aperio,3,1.0,13020
52847.svs,normal,39839,33981,20,0.49619999999999997,0.49619999999999997,aperio,3,1.0,20460
53040.svs,normal,33863,31296,20,0.49619999999999997,0.49619999999999997,aperio,3,1.0,16104
53240.svs,normal,35855,33698,20,0.49619999999999997,0.49619999999999997,aperio,3,1.0,18340
53375.svs,normal,61751,43890,20,0.49159999999999998,0.49159999999999998,aperio,3,1.0,41211
53415.svs,normal,61751,44639,20,0.49159999999999998,0.49159999999999998,aperio,3,1.0,41934
53493.svs,normal,63743,36237,20,0.49159999999999998,0.49159999999999998,aperio,3,1.0,34968
53892.svs,normal,31871,33990,20,0.49619999999999997,0.49619999999999997,aperio,3,1.0,16368
53898.svs,normal,105575,45937,20,0.49619999999999997,0.49619999999999997,aperio,4,1.0,73748
54339.svs,normal,27887,32808,20,0.49619999999999997,0.49619999999999997,aperio,3,1.0,13824
54345.svs,normal,29879,29722,20,0.49619999999999997,0.49619999999999997,aperio,3,1.0,13456
54369.svs,normal,31871,31154,20,0.49619999999999997,0.49619999999999997,aperio,3,1.0,15004
54387.svs,normal,27887,29428,20,0.49619999999999997,0.49619999999999997,aperio,3,1.0,12312
54850.svs,normal,33863,28645,20,0.49619999999999997,0.49619999999999997,aperio,3,1.0,14652
55179.svs,normal,29879,30290,20,0.49619999999999997,0.49619999999999997,aperio,3,1.0,13688
55276.svs,normal,27887,34663,20,0.49619999999999997,0.49619999999999997,aperio,3,1.0,14580
55282.svs,normal,31871,37197,20,0.49619999999999997,0.49619999999999997,aperio,3,1.0,17980
55323.svs,normal,29879,29255,20,0.49619999999999997,0.49619999999999997,aperio,3,1.0,13224
55347.svs,normal,29879,30300,20,0.49619999999999997,0.49619999999999997,aperio,3,1.0,13688
55351.svs,normal,27887,28628,20,0.49619999999999997,0.49619999999999997,aperio,3,1.0,11988
56641.svs,normal,27887,29178,20,0.49619999999999997,0.49619999999999997,aperio,3,1.0,12204
57062.svs,normal,31871,34033,20,0.49159999999999998,0.49159999999999998,aperio,3,1.0,16368
57074.svs,normal,31871,31623,20,0.49159999999999998,0.49159999999999998,aperio,3,1.0,15252
57268.svs,normal,29879,33870,20,0.49159999999999998,0.49159999999999998,aperio,3,1.0,15312
57805.svs,normal,31871,30835,20,0.49619999999999997,0.49619999999999997,aperio,3,1.0,14880
57841.svs,normal,33863,27439,20,0.49619999999999997,0.49619999999999997,aperio,3,1.0,14124
57846.svs,normal,29879,30699,20,0.49619999999999997,0.49619999999999997,aperio,3,1.0,13804
57862.svs,normal,29879,23998,20,0.49619999999999997,0.49619999999999997,aperio,3,1.0,10788
57873.svs,normal,31871,27931,20,0.49619999999999997,0.49619999999999997,aperio,3,1.0,13516
57919.svs,normal,31871,28828,20,0.49619999999999997,0.49619999999999997,aperio,3,1.0,13888
57922.svs,normal,31871,29233,20,0.49619999999999997,0.49619999999999997,aperio,3,1.0,14136
57943.svs,normal,29879,28435,20,0.49619999999999997,0.49619999999999997,aperio,3,1.0,12876
57949.svs,normal,31871,26640,20,0.49619999999999997,0.49619999999999997,aperio,3,1.0,12896
58004.svs,normal,29879,25226,20,0.49619999999999997,0.49619999999999997,aperio,3,1.0,11368
58167.svs,normal,31871,30958,20,0.49159999999999998,0.49159999999999998,aperio,3,1.0,14880
58197.svs,normal,33863,30872,20,0.49159999999999998,0.49159999999999998,aperio,3,1.0,15840
58229.svs,normal,33863,31620,20,0.49159999999999998,0.49159999999999998,aperio,3,1.0,16236
5855.svs,normal,101591,45333,20,0.49159999999999998,0.49159999999999998,aperio,4,1.0,70092
5862.svs,normal,73703,33063,20,0.49159999999999998,0.49159999999999998,aperio,4,1.0,37023
58711.svs,normal,29879,30690,20,0.49619999999999997,0.49619999999999997,aperio,3,1.0,13804
58714.svs,normal,31871,31573,20,0.49619999999999997,0.49619999999999997,aperio,3,1.0,15252
58726.svs,normal,31871,28912,20,0.49619999999999997,0.49619999999999997,aperio,3,1.0,13888
58738.svs,normal,29879,32798,20,0.49619999999999997,0.49619999999999997,aperio,3,1.0,14848
58744.svs,normal,29879,33445,20,0.49619999999999997,0.49619999999999997,aperio,3,1.0,15080
59146.svs,normal,29879,31829,20,0.49619999999999997,0.49619999999999997,aperio,3,1.0,14384
59147.svs,normal,27887,30879,20,0.49159999999999998,0.49159999999999998,aperio,3,1.0,12960
59153.svs,normal,29879,32040,20,0.49159999999999998,0.49159999999999998,aperio,3,1.0,14500
59170.svs,normal,29879,31512,20,0.49619999999999997,0.49619999999999997,aperio,3,1.0,14268
59206.svs,normal,31871,29875,20,0.49159999999999998,0.49159999999999998,aperio,3,1.0,14384
59213.svs,normal,31871,34537,20,0.49619999999999997,0.49619999999999997,aperio,3,1.0,16616
59218.svs,normal,29879,32456,20,0.49159999999999998,0.49159999999999998,aperio,3,1.0,14616
59225.svs,normal,31871,30118,20,0.49619999999999997,0.49619999999999997,aperio,3,1.0,14508
59347.svs,normal,47807,29190,20,0.49159999999999998,0.49159999999999998,aperio,3,1.0,21204
59349.svs,normal,35855,28540,20,0.49159999999999998,0.49159999999999998,aperio,3,1.0,15540
59368.svs,normal,59759,30540,20,0.49619999999999997,0.49619999999999997,aperio,3,1.0,27727
59372.svs,normal,37847,30533,20,0.49159999999999998,0.49159999999999998,aperio,3,1.0,17493
59374.svs,normal,37847,29119,20,0.49159999999999998,0.49159999999999998,aperio,3,1.0,16611
59388.svs,normal,41831,32275,20,0.49159999999999998,0.49159999999999998,aperio,3,1.0,20538
59390.svs,normal,41831,32525,20,0.49159999999999998,0.49159999999999998,aperio,3,1.0,20701
59400.svs,normal,43823,31357,20,0.49159999999999998,0.49159999999999998,aperio,3,1.0,20862
59406.svs,normal,43823,31856,20,0.49159999999999998,0.49159999999999998,aperio,3,1.0,21204
59408.svs,normal,41831,27951,20,0.49159999999999998,0.49159999999999998,aperio,3,1.0,17767
59409.svs,normal,43823,32355,20,0.49159999999999998,0.49159999999999998,aperio,3,1.0,21546
59420.svs,normal,39839,29699,20,0.49159999999999998,0.49159999999999998,aperio,3,1.0,17980
59425.svs,normal,67727,31344,20,0.49619999999999997,0.49619999999999997,aperio,4,1.0,32208
59427.svs,normal,43823,31357,20,0.49159999999999998,0.49159999999999998,aperio,3,1.0,20862
59436.svs,normal,45815,33433,20,0.49159999999999998,0.49159999999999998,aperio,3,1.0,23140
59441.svs,normal,61751,31976,20,0.49619999999999997,0.49619999999999997,aperio,3,1.0,29884
60062.svs,normal,59759,28682,20,0.49619999999999997,0.49619999999999997,aperio,3,1.0,26096
60064.svs,normal,63743,31467,20,0.49619999999999997,0.49619999999999997,aperio,3,1.0,30256
60122.svs,normal,63743,30346,20,0.49619999999999997,0.49619999999999997,aperio,3,1.0,29264
60144.svs,normal,59759,26840,20,0.49619999999999997,0.49619999999999997,aperio,3,1.0,24232
60435.svs,normal,61751,39714,20,0.49619999999999997,0.49619999999999997,aperio,3,1.0,37355
60440.svs,normal,59759,37224,20,0.49619999999999997,0.49619999999999997,aperio,3,1.0,33785
60469.svs,normal,59759,33362,20,0.49619999999999997,0.49619999999999997,aperio,3,1.0,30290
60481.svs,normal,57767,45145,20,0.49619999999999997,0.49619999999999997,aperio,3,1.0,39600
60489.svs,normal,61751,39225,20,0.49619999999999997,0.49619999999999997,aperio,3,1.0,36873
60521.svs,normal,63743,37682,20,0.49619999999999997,0.49619999999999997,aperio,3,1.0,36456
60523.svs,normal,59759,35778,20,0.49619999999999997,0.49619999999999997,aperio,3,1.0,32387
60533.svs,normal,57767,37488,20,0.49619999999999997,0.49619999999999997,aperio,3,1.0,32850
61234.svs,normal,63743,36630,20,0.49619999999999997,0.49619999999999997,aperio,3,1.0,35464
61453.svs,normal,57767,39653,20,0.49159999999999998,0.49159999999999998,aperio,3,1.0,34650
61495.svs,normal,59759,40648,20,0.49159999999999998,0.49159999999999998,aperio,3,1.0,36814
61510.svs,normal,55775,36662,20,0.49159999999999998,0.49159999999999998,aperio,3,1.0,31031
61552.svs,normal,59759,32417,20,0.49159999999999998,0.49159999999999998,aperio,3,1.0,29358
61589.svs,normal,53783,32093,20,0.49159999999999998,0.49159999999999998,aperio,3,1.0,26250
6249.svs,normal,89639,40442,20,0.49159999999999998,0.49159999999999998,aperio,4,1.0,54950
62662.svs,normal,61751,26343,20,0.49159999999999998,0.49159999999999998,aperio,3,1.0,24582
62667.svs,normal,59759,25264,20,0.49159999999999998,0.49159999999999998,aperio,3,1.0,22834
62709.svs,normal,63743,23514,20,0.49159999999999998,0.49159999999999998,aperio,3,1.0,22568
62712.svs,normal,61751,23599,20,0.49159999999999998,0.49159999999999998,aperio,3,1.0,22172
62842.svs,normal,67727,35981,20,0.49159999999999998,0.49159999999999998,aperio,4,1.0,36960
62883.svs,normal,75695,32645,20,0.49159999999999998,0.49159999999999998,aperio,4,1.0,37465
62889.svs,normal,73703,32647,20,0.49159999999999998,0.49159999999999998,aperio,4,1.0,36449
63406.svs,normal,67727,34001,20,0.49619999999999997,0.49619999999999997,aperio,4,1.0,34848
63454.svs,normal,51791,28188,20,0.49159999999999998,0.49159999999999998,aperio,3,1.0,22220
63458.svs,normal,53783,31675,20,0.49159999999999998,0.49159999999999998,aperio,3,1.0,25830
6358.svs,normal,105575,45329,20,0.49159999999999998,0.49159999999999998,aperio,4,1.0,72924
6361.svs,normal,65735,30911,20,0.49159999999999998,0.49159999999999998,aperio,4,1.0,30720
63740.svs,normal,51791,35255,20,0.49159999999999998,0.49159999999999998,aperio,3,1.0,27674
63744.svs,normal,53783,29431,20,0.49159999999999998,0.49159999999999998,aperio,3,1.0,23940
63836.svs,normal,57767,35746,20,0.49159999999999998,0.49159999999999998,aperio,3,1.0,31275
63923.svs,normal,51791,34589,20,0.49159999999999998,0.49159999999999998,aperio,3,1.0,27270
64586.svs,normal,57767,32336,20,0.49159999999999998,0.49159999999999998,aperio,3,1.0,28350
65124.svs,normal,59759,35243,20,0.49159999999999998,0.49159999999999998,aperio,3,1.0,31921
6528.svs,normal,89639,45348,20,0.49159999999999998,0.49159999999999998,aperio,4,1.0,61950
6531.svs,normal,79679,37629,20,0.49159999999999998,0.49159999999999998,aperio,4,1.0,45406
6533.svs,normal,69719,33984,20,0.49159999999999998,0.49159999999999998,aperio,4,1.0,35904
65345.svs,normal,71711,34064,20,0.49159999999999998,0.49159999999999998,aperio,4,1.0,37240
65379.svs,normal,79679,36632,20,0.49159999999999998,0.49159999999999998,aperio,4,1.0,44473
65391.svs,normal,71711,38220,20,0.49159999999999998,0.49159999999999998,aperio,4,1.0,41720
6541.svs,normal,67727,31907,20,0.49159999999999998,0.49159999999999998,aperio,4,1.0,32736
6542.svs,normal,105575,45329,20,0.49159999999999998,0.49159999999999998,aperio,4,1.0,72924
65611.svs,normal,75695,38549,20,0.49159999999999998,0.49159999999999998,aperio,4,1.0,44250
65619.svs,normal,77687,34554,20,0.49159999999999998,0.49159999999999998,aperio,4,1.0,40602
65634.svs,normal,67727,35315,20,0.49159999999999998,0.49159999999999998,aperio,4,1.0,36168
65670.svs,normal,71711,36643,20,0.49159999999999998,0.49159999999999998,aperio,4,1.0,40040
65690.svs,normal,75695,33727,20,0.49159999999999998,0.49159999999999998,aperio,4,1.0,38645
65694.svs,normal,71711,38720,20,0.49159999999999998,0.49159999999999998,aperio,4,1.0,42280
65753.svs,normal,75695,38549,20,0.49159999999999998,0.49159999999999998,aperio,4,1.0,44250
66247.svs,normal,101591,46295,20,0.49619999999999997,0.49619999999999997,aperio,4,1.0,71280
66267.svs,normal,77687,38010,20,0.49619999999999997,0.49619999999999997,aperio,4,1.0,44844
66292.svs,normal,101591,46295,20,0.49619999999999997,0.49619999999999997,aperio,4,1.0,71280
66473.svs,normal,73703,37966,20,0.49619999999999997,0.49619999999999997,aperio,4,1.0,42476
66535.svs,normal,75695,40960,20,0.49159999999999998,0.49159999999999998,aperio,4,1.0,47200
66668.svs,normal,75695,37135,20,0.49159999999999998,0.49159999999999998,aperio,4,1.0,42775
66776.svs,normal,71711,38637,20,0.49159999999999998,0.49159999999999998,aperio,4,1.0,42000
66835.svs,normal,71711,39218,20,0.49159999999999998,0.49159999999999998,aperio,4,1.0,42840
67004.svs,normal,75695,35778,20,0.49619999999999997,0.49619999999999997,aperio,4,1.0,41005
67068.svs,normal,85655,37271,20,0.49619999999999997,0.49619999999999997,aperio,4,1.0,48430
67073.svs,normal,75695,33920,20,0.49619999999999997,0.49619999999999997,aperio,4,1.0,38940
67120.svs,normal,91631,37219,20,0.49619999999999997,0.49619999999999997,aperio,4,1.0,51765
67125.svs,normal,81671,37003,20,0.49619999999999997,0.49619999999999997,aperio,4,1.0,45936
67139.svs,normal,91631,37125,20,0.49619999999999997,0.49619999999999997,aperio,4,1.0,51765
67244.svs,normal,75695,36386,20,0.49159999999999998,0.49159999999999998,aperio,4,1.0,41890
67255.svs,normal,77687,40542,20,0.49159999999999998,0.49159999999999998,aperio,4,1.0,47874
70104.svs,normal,39839,35667,20,0.49619999999999997,0.49619999999999997,aperio,3,1.0,21545
70386.svs,normal,65735,45308,20,0.49619999999999997,0.49619999999999997,aperio,4,1.0,45056
70387.svs,normal,71711,46305,20,0.49619999999999997,0.49619999999999997,aperio,4,1.0,50400
70450.svs,normal,59759,43350,20,0.49619999999999997,0.49619999999999997,aperio,3,1.0,39377
70462.svs,normal,69719,43810,20,0.49619999999999997,0.49619999999999997,aperio,4,1.0,46512
70535.svs,normal,43823,42083,20,0.49159999999999998,0.49159999999999998,aperio,3,1.0,28044
70551.svs,normal,43823,42582,20,0.49159999999999998,0.49159999999999998,aperio,3,1.0,28386
70556.svs,normal,45815,41166,20,0.49159999999999998,0.49159999999999998,aperio,3,1.0,28480
70571.svs,normal,41831,39758,20,0.49159999999999998,0.49159999999999998,aperio,3,1.0,25265
70594.svs,normal,39839,34273,20,0.49159999999999998,0.49159999999999998,aperio,3,1.0,20615
70616.svs,normal,53783,31842,20,0.49159999999999998,0.49159999999999998,aperio,3,1.0,26040
70756.svs,normal,43823,38508,20,0.49159999999999998,0.49159999999999998,aperio,3,1.0,25650
70974.svs,normal,79679,40540,20,0.49159999999999998,0.49159999999999998,aperio,4,1.0,49138
70998.svs,normal,49799,43871,20,0.49619999999999997,0.49619999999999997,aperio,3,1.0,33174
71035.svs,normal,39839,45581,20,0.49159999999999998,0.49159999999999998,aperio,3,1.0,27590
71067.svs,normal,67727,36314,20,0.49159999999999998,0.49159999999999998,aperio,4,1.0,37224
71073.svs,normal,63743,34408,20,0.49159999999999998,0.49159999999999998,aperio,3,1.0,33232
71361.svs,normal,41831,44248,20,0.49159999999999998,0.49159999999999998,aperio,3,1.0,28036
7751.svs,normal,57767,30506,20,0.49159999999999998,0.49159999999999998,aperio,3,1.0,26775
8047.svs,normal,59759,23456,20,0.49619999999999997,0.49619999999999997,aperio,3,1.0,21203
8304.svs,normal,51791,28519,20,0.49159999999999998,0.49159999999999998,aperio,3,1.0,22422
8321.svs,normal,59759,30837,20,0.49159999999999998,0.49159999999999998,aperio,3,1.0,27960
8323.svs,normal,53783,41155,20,0.49159999999999998,0.49159999999999998,aperio,3,1.0,33600
8352.svs,normal,63743,35738,20,0.49159999999999998,0.49159999999999998,aperio,3,1.0,34472
8354.svs,normal,59759,34995,20,0.49159999999999998,0.49159999999999998,aperio,3,1.0,31688
8359.svs,normal,57767,40154,20,0.49159999999999998,0.49159999999999998,aperio,3,1.0,35100
8421.svs,normal,55775,32255,20,0.49159999999999998,0.49159999999999998,aperio,3,1.0,27125
8746.svs,normal,59759,32418,20,0.49159999999999998,0.49159999999999998,aperio,3,1.0,29358
