name,grade,prob,entropy,top5pct,K
59347,normal,0.5719320774078369,0.8365288440034011,0.3800790309906006,3208
59345,minimal,0.7531098127365112,0.8645156191489874,0.28498825430870056,2975
59349,normal,0.3247390389442444,0.8040935351004651,0.47421395778656006,2397
59351,minimal,0.4965713620185852,0.8402985736912768,0.38781416416168213,2716
59372,normal,0.2738785445690155,0.8094532643568508,0.46028900146484375,2476
59376,minimal,0.46557384729385376,0.8102896961806114,0.46041592955589294,2646
59374,normal,0.29881396889686584,0.7798995269993765,0.5489224195480347,2566
59378,minimal,0.5059378743171692,0.8245866054941479,0.4232495427131653,2600
59388,normal,0.2741389274597168,0.7970091176234132,0.5343610048294067,2933
59381,slight,0.9190104603767395,0.9424599920820264,0.12551115453243256,2534
59390,normal,0.46733593940734863,0.8332790870858163,0.4145302176475525,2851
59397,slight,0.7795894145965576,0.9128580583342697,0.21121954917907715,2856
59400,normal,0.24599169194698334,0.7258942096462594,0.6790545582771301,2966
59399,slight,0.9304105043411255,0.9513884007841382,0.11844206601381302,2507
59406,normal,0.29390808939933777,0.7887804036305918,0.5106589794158936,3031
59402,slight,0.9333087801933289,0.95671157156318,0.10600215196609497,2551
59408,normal,0.35867300629615784,0.8284850239447547,0.40845584869384766,2659
59411,minimal,0.4053727984428406,0.8608795968770576,0.3252498507499695,2674
59409,normal,0.4044005274772644,0.8046632071294874,0.483790785074234,2929
59413,minimal,0.4437457025051117,0.812781149154403,0.4644613265991211,3076
59420,normal,0.4079257547855377,0.8349262618561647,0.4012904167175293,2513
59417,slight,0.9115487933158875,0.9582706734012251,0.11156170070171356,2756
59427,normal,0.46054747700691223,0.8682542531778398,0.31490373611450195,2927
59426,slight,0.9141108393669128,0.9476429077726476,0.12054368853569031,2611
59436,normal,0.22042100131511688,0.7466171077869218,0.6330599784851074,3087
59434,moderate,0.9117252230644226,0.9237034101182588,0.1826442927122116,2708
58711,normal,0.45089566707611084,0.8900918326215664,0.20557516813278198,2460
58708,slight,0.4451885223388672,0.8645883942829786,0.2739265561103821,2168
58714,normal,0.5273266434669495,0.8746863408237592,0.24271616339683533,2586
58720,slight,0.5725685358047485,0.8971234706645437,0.1964583396911621,2496
58726,normal,0.5539335012435913,0.9324715646650614,0.1455622762441635,2377
58723,slight,0.6573249697685242,0.9173916219840568,0.175057515501976,2542
58738,normal,0.4886159896850586,0.9424945474350815,0.12914615869522095,2375
58741,slight,0.5904906988143921,0.9631282881863136,0.10113123804330826,2647
58744,normal,0.5647568702697754,0.9061354063575665,0.17704561352729797,2574
58747,slight,0.6295662522315979,0.9641166248974117,0.09782586991786957,2910
59147,normal,0.4564425051212311,0.8422434715896697,0.34491196274757385,2505
59159,slight,0.6561701893806458,0.8662223568776134,0.27916109561920166,3043
59153,normal,0.49669092893600464,0.8592888153433209,0.27841103076934814,2768
59171,slight,0.5787994861602783,0.8683212601980519,0.2674655616283417,2506
59206,normal,0.5202677845954895,0.8114693465297513,0.43284711241722107,2545
59212,slight,0.7150458693504333,0.856524298718431,0.2668839395046234,2556
59218,normal,0.5433531999588013,0.8112731242484676,0.44153398275375366,2845
59230,slight,0.6112248301506042,0.8058417544779993,0.44458985328674316,2474
59368,normal,0.42608290910720825,0.8699662232788424,0.27309471368789673,3388
59375,minimal,0.4504619240760803,0.8702614895875227,0.2804572582244873,3070
59425,normal,0.25125738978385925,0.7591793787889722,0.6361154317855835,4092
59432,slight,0.3774133622646332,0.7872506814540187,0.5713743567466736,4569
71067,normal,0.4641198515892029,0.8125654718491843,0.4710480570793152,3376
59439,minimal,0.49825799465179443,0.8654583033079064,0.301813006401062,3199
59441,normal,0.5833603739738464,0.8909428118274184,0.24457469582557678,3141
59444,minimal,0.4985182285308838,0.8421226292966516,0.36922648549079895,2664
60062,normal,0.36108940839767456,0.8878957835276421,0.23031936585903168,3272
60067,minimal,0.39844584465026855,0.8753300433113594,0.26630717515945435,3545
60064,normal,0.34850242733955383,0.7933354075891005,0.5153490900993347,3843
60070,minimal,0.38621053099632263,0.8359630413142776,0.36194294691085815,3227
60122,normal,0.4808889627456665,0.8935416149106338,0.24940723180770874,3326
60114,minimal,0.41415905952453613,0.8556801951476469,0.32647621631622314,3194
71073,normal,0.39377760887145996,0.8880718659470279,0.2534714341163635,2620
71072,minimal,0.4177713096141815,0.8036216291905429,0.4836199879646301,2795
60144,normal,0.4131430983543396,0.9305320666162049,0.176477313041687,2934
60147,minimal,0.39738693833351135,0.9127700238147542,0.2105884552001953,2920
38563,normal,0.43370357155799866,0.8119597084051408,0.44312983751296997,3792
38569,minimal,0.39803582429885864,0.8112147072457289,0.41077327728271484,2826
38573,normal,0.5376117825508118,0.8110287859816209,0.4236908555030823,3570
38583,minimal,0.5380607843399048,0.8461030106778522,0.30126047134399414,3067
38618,normal,0.3506568372249603,0.7674677597473384,0.5585398077964783,3037
38613,minimal,0.42054325342178345,0.8177704226359035,0.39494478702545166,2673
38623,normal,0.41085731983184814,0.7894479767260628,0.5148899555206299,3517
38628,minimal,0.4272564649581909,0.7975027842331925,0.46595174074172974,3298
53892,normal,0.3951926827430725,0.8176632244969703,0.41656607389450073,3009
53895,slight,0.4925139546394348,0.83866887026794,0.3553205728530884,3791
53898,normal,0.5127867460250854,0.8081962407208634,0.4673101007938385,3519
53904,slight,0.497800350189209,0.8399402778876726,0.322918176651001,3354
59146,normal,0.4373878240585327,0.8040540528069475,0.42982974648475647,2712
59122,moderate,0.5450248122215271,0.859252542338772,0.30402234196662903,3138
59170,normal,0.3963097631931305,0.8586262687122181,0.27788814902305603,2540
59152,moderate,0.6580792665481567,0.8581628927360164,0.29856961965560913,2825
59213,normal,0.7137829661369324,0.9175099666254383,0.15956953167915344,3148
59219,slight,0.7171149849891663,0.8966665626106988,0.18371078372001648,2611
59225,normal,0.7117184400558472,0.8990492616876157,0.19507326185703278,2697
59236,slight,0.6757564544677734,0.9149862146029165,0.15806034207344055,2673
47821,normal,0.4017290472984314,0.8494167733977759,0.2926916480064392,2618
47811,slight,0.4190290570259094,0.8306506258679323,0.3152567744255066,2810
47825,normal,0.37343135476112366,0.8165931217663356,0.3863394856452942,3205
47816,slight,0.3943241834640503,0.8134908971264756,0.3949034810066223,2662
47844,normal,0.4408215284347534,0.8496202699454348,0.29207316040992737,2792
47834,slight,0.5536209344863892,0.894167956690586,0.19259405136108398,2659
47857,normal,0.42808473110198975,0.8927602826724154,0.2136300504207611,2647
47866,moderate,0.5883376002311707,0.8238870265802513,0.3713971674442291,2269
47861,normal,0.5340144038200378,0.8264098641267533,0.3537231683731079,2838
47875,slight,0.538418710231781,0.8744088953860464,0.24139901995658875,2471
47880,normal,0.6984683275222778,0.9526135486431224,0.11626775562763214,2226
47884,slight,0.49461960792541504,0.8223655522414774,0.36411386728286743,3230
48761,normal,0.365117609500885,0.8036427063356684,0.43486669659614563,2558
48770,slight,0.42426949739456177,0.8453610259335677,0.2798505425453186,2087
48794,normal,0.5208398699760437,0.8262272849767929,0.35034483671188354,3048
48784,slight,0.44867196679115295,0.7906186216464158,0.49460968375205994,3136
48799,normal,0.41651222109794617,0.8115895052855749,0.3906095325946808,2879
48790,slight,0.42435675859451294,0.8165705909726653,0.37997207045555115,2753
48833,normal,0.4603128135204315,0.8014040265340454,0.4576476514339447,2518
48838,slight,0.6051153540611267,0.8707582583866945,0.21868515014648438,2590
70104,normal,0.4595654308795929,0.8226991540312533,0.3649855852127075,2564
48848,slight,0.3729264736175537,0.8043500685450801,0.4435117542743683,2346
48858,normal,0.5134956240653992,0.8565363394530738,0.26676037907600403,2433
48863,slight,0.43161773681640625,0.7984874319596297,0.4650254249572754,2413
48906,normal,0.5093489289283752,0.8246736896966318,0.35386922955513,2425
48910,slight,0.5544803738594055,0.8866802563390351,0.19152379035949707,2094
48919,normal,0.5359141826629639,0.8053564584746302,0.4287892282009125,2384
48915,slight,0.492154598236084,0.823587233240272,0.35729941725730896,2553
48948,normal,0.5766364336013794,0.8058807795086603,0.4210185408592224,2763
48928,moderate,0.5944854617118835,0.8535997659499436,0.26715919375419617,2477
41387,normal,0.27684667706489563,0.7688767769771832,0.6054957509040833,3711
41385,minimal,0.2977788746356964,0.7573291990988001,0.6400883197784424,3818
41389,normal,0.2776699960231781,0.7616564901707005,0.6143878102302551,3778
41392,minimal,0.2842254638671875,0.7431486973753482,0.6786293983459473,3995
41396,normal,0.2705197334289551,0.7761044389311396,0.5510528683662415,3557
41398,minimal,0.2984837293624878,0.7570040362047837,0.6574310064315796,4343
41401,normal,0.33013221621513367,0.7864987036613345,0.5330134630203247,3557
41403,minimal,0.27765214443206787,0.7839253149275136,0.5417837500572205,3645
41412,normal,0.348731130361557,0.7915750189884554,0.5266450643539429,3609
41408,minimal,0.40757572650909424,0.8460774185158493,0.3801664113998413,3543
41414,normal,0.4240351617336273,0.8142270367697643,0.45367157459259033,2910
41416,minimal,0.4892604947090149,0.8399641767811528,0.3956776261329651,3531
41434,normal,0.3094722628593445,0.7807660769440241,0.5653411149978638,3810
41430,minimal,0.350759893655777,0.7634727533797214,0.619218111038208,3861
41436,normal,0.33696967363357544,0.7781430232664741,0.5742791891098022,3609
41432,minimal,0.36963462829589844,0.7663031214317756,0.6137661337852478,3832
41774,normal,0.18405663967132568,0.7222002153577808,0.7364667654037476,4489
41779,minimal,0.22954770922660828,0.7066357996701241,0.7768558263778687,4330
41776,normal,0.19112758338451385,0.7183608631676369,0.7518826723098755,4116
41781,minimal,0.24836866557598114,0.7371808165388617,0.7051455974578857,4467
41786,normal,0.20818446576595306,0.7348213735826045,0.719959557056427,5122
41788,minimal,0.21069639921188354,0.7281556304584481,0.7296206951141357,4296
41790,normal,0.22152863442897797,0.7444176904474857,0.6746895909309387,4270
41793,minimal,0.20266379415988922,0.7387029773494134,0.7040427923202515,4784
41837,normal,0.26370206475257874,0.7376085098441746,0.7158370018005371,4849
41833,minimal,0.31736618280410767,0.7642330513813588,0.6321600675582886,4515
41850,normal,0.23750177025794983,0.7454308311508131,0.6881852149963379,5158
41847,slight,0.3955042064189911,0.7650218218083006,0.6432315111160278,4965
41856,normal,0.24472542107105255,0.7388147181385097,0.7055867910385132,5551
41858,minimal,0.2523442506790161,0.7294130501628066,0.7282446622848511,5179
40591,normal,0.28088030219078064,0.7573686223964351,0.6505826711654663,4451
40594,minimal,0.3862644135951996,0.8196619367418401,0.41044366359710693,4342
40613,normal,0.26589930057525635,0.7665076958151629,0.5875850319862366,3272
40618,minimal,0.3635185658931732,0.8094118440770594,0.452911376953125,4088
40616,normal,0.32425656914711,0.7869252141310095,0.5190540552139282,3412
40620,minimal,0.4055333435535431,0.8364663689474143,0.3492763042449951,4010
40625,normal,0.30576691031455994,0.7493830671554101,0.6738770008087158,4697
40627,minimal,0.37367117404937744,0.8049258368430898,0.44987601041793823,3899
40634,normal,0.29730769991874695,0.7732204889528996,0.5915439128875732,4281
40629,slight,0.3936217129230499,0.7847415470696947,0.533440113067627,4033
42454,normal,0.19889089465141296,0.7549156895422579,0.6436945199966431,4779
42447,minimal,0.1929726004600525,0.7384336321665343,0.7015565633773804,4837
42465,normal,0.22758859395980835,0.7521921871926981,0.6608619093894958,4665
42460,minimal,0.21153444051742554,0.7507000191746638,0.6678802371025085,4881
42524,normal,0.2602550983428955,0.7957265168476968,0.4984349012374878,3212
42528,minimal,0.2574380338191986,0.77128249905973,0.6027008295059204,4238
42533,normal,0.29499977827072144,0.79450335350197,0.5005568265914917,3160
42531,minimal,0.2769797742366791,0.756307420421413,0.6390575170516968,3764
42545,normal,0.4164455533027649,0.8725065215598982,0.3171163499355316,2308
42535,minimal,0.25260284543037415,0.7642204812271942,0.6224014163017273,4809
43813,normal,0.22796235978603363,0.75836368246591,0.6323063969612122,4985
43811,minimal,0.29237765073776245,0.7637720963545443,0.634174108505249,5486
43836,normal,0.29251545667648315,0.7407643677752632,0.7052561044692993,5566
43840,minimal,0.29280903935432434,0.749734102053582,0.6672318577766418,4384
43838,normal,0.17415861785411835,0.7334766605124262,0.6995720863342285,4253
43853,minimal,0.2539352774620056,0.7621687328362449,0.6270411014556885,4702
42968,normal,0.29541128873825073,0.762101845190816,0.598152220249176,2304
42966,slight,0.47988584637641907,0.820685523520451,0.4274134635925293,2233
42980,normal,0.32443058490753174,0.781667471717607,0.545478105545044,2602
42976,minimal,0.42474600672721863,0.7961087786385207,0.48827803134918213,2622
44228,normal,0.28598552942276,0.8192377551214407,0.45718061923980713,5290
44233,minimal,0.342140793800354,0.8295933344099145,0.3973449468612671,5523
44132,normal,0.3832434117794037,0.8360524795761995,0.44252264499664307,4314
44134,minimal,0.37752220034599304,0.8639841773471449,0.3601144552230835,4228
44817,normal,0.34666913747787476,0.8782721423847917,0.2761387825012207,5224
44811,minimal,0.5136159062385559,0.9244278214299348,0.19288718700408936,4437
45482,normal,0.312859445810318,0.9049078385079409,0.21642988920211792,4260
45488,minimal,0.6303938627243042,0.9479834242046646,0.14048920571804047,4245
45442,normal,0.4965488612651825,0.9478109385551561,0.1418447345495224,4119
45448,minimal,0.524594247341156,0.9713287997404347,0.103915736079216,4617
45495,normal,0.18313679099082947,0.8607904387281347,0.31947094202041626,4526
45502,minimal,0.35656481981277466,0.9384682007487303,0.15434236824512482,4879
49235,normal,0.36084380745887756,0.7670192638048593,0.5683971643447876,2324
49239,moderate,0.33878350257873535,0.7571308827673106,0.589644193649292,2658
49278,normal,0.52134108543396,0.8192181775375673,0.41030240058898926,2568
49259,slight,0.45002874732017517,0.796244830149778,0.4787003993988037,2484
49342,normal,0.43269407749176025,0.8456481397351263,0.3235998749732971,2377
49332,moderate,0.38828524947166443,0.8002089334706614,0.45835545659065247,2325
49442,normal,0.36567601561546326,0.779660927483175,0.5199025869369507,2480
49432,moderate,0.40748393535614014,0.8180820697384017,0.3918020725250244,2491
49467,normal,0.3560856282711029,0.7925136550801026,0.49079638719558716,2557
49457,moderate,0.32079577445983887,0.7205883097091463,0.6783660650253296,2596
49478,normal,0.40331074595451355,0.7836365542042418,0.53961181640625,2800
49462,slight,0.49351441860198975,0.7912921505795157,0.4820401668548584,2355
57062,normal,0.29269173741340637,0.7595545139126079,0.5846587419509888,2995
70731,slight,0.23980297148227692,0.7554379184887415,0.5691457986831665,2909
57074,normal,0.4676953852176666,0.819632696546823,0.39822304248809814,2598
57080,slight,0.5857155919075012,0.8556955558191132,0.2784566581249237,2486
57268,normal,0.41343924403190613,0.7760901476099841,0.5323725938796997,2667
57273,slight,0.4894493520259857,0.8138714225306503,0.43585291504859924,2706
44391,normal,0.21522685885429382,0.7716554344861485,0.6038680076599121,5257
44399,minimal,0.2268098145723343,0.7476572313348149,0.671707272529602,5456
44422,normal,0.15981335937976837,0.7361835181449599,0.6930912137031555,4372
44415,minimal,0.1929783970117569,0.7264712953817297,0.7240340709686279,4132
44427,normal,0.22993509471416473,0.7544478367419376,0.6607988476753235,4940
44436,minimal,0.24827110767364502,0.7616295818880354,0.6132700443267822,4499
45007,normal,0.2460569143295288,0.7648588904037427,0.6228040456771851,4641
44997,minimal,0.21431449055671692,0.743371176540172,0.6641585230827332,4408
45014,normal,0.23143255710601807,0.7819015619084484,0.5671302080154419,4735
45009,minimal,0.2817481458187103,0.7488171690412564,0.6818665266036987,5612
51461,normal,0.25714635848999023,0.8084970583246907,0.482139527797699,4242
51449,minimal,0.28543055057525635,0.7933237202602269,0.5229498147964478,4233
51464,normal,0.3116984963417053,0.8034781634831432,0.4997044801712036,4295
51454,minimal,0.27012932300567627,0.8010938315949132,0.5052105188369751,4009
52313,normal,0.3078420162200928,0.8270162920753851,0.41826504468917847,4167
52309,minimal,0.3154514729976654,0.8290704187310858,0.4216057062149048,4977
52317,normal,0.31742534041404724,0.8388245800627477,0.3885314464569092,4258
52320,minimal,0.33802351355552673,0.8345281848851536,0.4052664041519165,4330
52670,normal,0.321173757314682,0.831381906776206,0.40528881549835205,4163
52668,minimal,0.35310253500938416,0.8232402265175495,0.4374402165412903,4493
52671,normal,0.3768838942050934,0.8212536586313269,0.43970245122909546,4600
52669,minimal,0.30334970355033875,0.7932218997923937,0.5239101052284241,4225
53493,normal,0.28909850120544434,0.8409420514344746,0.38847166299819946,5536
53488,minimal,0.2965758740901947,0.8051003402719863,0.48754337430000305,5721
53375,normal,0.2986370027065277,0.7697563200108746,0.5968154668807983,4982
53377,minimal,0.3424546718597412,0.7835567578356164,0.5554841160774231,4618
53415,normal,0.26674479246139526,0.7977821685259942,0.5239307880401611,5609
53412,minimal,0.3201068341732025,0.8104071569598095,0.4704403877258301,5345
52807,normal,0.41105225682258606,0.8342970688571932,0.33948609232902527,2532
52799,moderate,0.37088966369628906,0.7674530957329107,0.5672479867935181,2843
52816,normal,0.4755781590938568,0.8948487423691206,0.19053728878498077,2200
52803,slight,0.3340122401714325,0.7690417176376348,0.5637047290802002,2699
53040,normal,0.3807099759578705,0.7926878330471024,0.48271694779396057,2901
53036,slight,0.3439830243587494,0.7624054807606301,0.5791050791740417,2801
70756,normal,0.34434884786605835,0.8200638966440028,0.38835325837135315,3275
53153,slight,0.4414568543434143,0.8249373945965736,0.3646160960197449,2756
52847,normal,0.410116583108902,0.8289416123733058,0.36361658573150635,3121
53234,slight,0.40817925333976746,0.8172617318026884,0.3894716501235962,3436
53240,normal,0.4243440628051758,0.7930376431676763,0.483081579208374,3587
53251,slight,0.3065793514251709,0.7301708139418496,0.6872380971908569,3369
46059,normal,0.3534177839756012,0.7886399684830442,0.5375578999519348,4240
46054,minimal,0.32777222990989685,0.7550377285459913,0.6539092063903809,4147
46069,normal,0.26027828454971313,0.7570632068715218,0.6305288076400757,3890
46064,minimal,0.3893764615058899,0.7723958166892865,0.5935382843017578,3844
46382,normal,0.3934631645679474,0.7488918555768108,0.7046505212783813,5933
46387,slight,0.34055662155151367,0.7465129792011961,0.7114213705062866,6271
46384,normal,0.3157707452774048,0.7598067118771038,0.6307612061500549,4634
46389,slight,0.2891242504119873,0.7636367488850916,0.6421955227851868,5243
47465,normal,0.20965364575386047,0.7595241139798344,0.6217912435531616,4023
47463,minimal,0.20261672139167786,0.7445594367998177,0.669662356376648,4176
47467,normal,0.1832900196313858,0.7347663814948376,0.7089532613754272,4644
47464,minimal,0.22236128151416779,0.764282217229544,0.5989232063293457,4011
47472,normal,0.214005708694458,0.7615213581816366,0.6336920261383057,4967
47468,minimal,0.24097290635108948,0.7787620211797093,0.5702716708183289,4681
47849,normal,0.32903194427490234,0.7864392030438401,0.5211399793624878,3593
47846,minimal,0.43259111046791077,0.7906068384343506,0.5068697929382324,2937
47856,normal,0.33661288022994995,0.8194550536602869,0.42732131481170654,3492
47851,minimal,0.317800372838974,0.8063902055528712,0.4584997892379761,3347
47862,normal,0.33528053760528564,0.8019666235067083,0.4680333435535431,3263
47859,minimal,0.3743012845516205,0.803065079894873,0.46261945366859436,3320
47871,normal,0.31508126854896545,0.822159851480473,0.4260975122451782,2651
47865,minimal,0.4002527594566345,0.7978902158638898,0.5060755014419556,3689
48078,normal,0.2348657250404358,0.7661825176003587,0.6010335087776184,4086
48074,minimal,0.29002732038497925,0.7837252499425015,0.5567626953125,4930
49032,normal,0.4207736849784851,0.8065743671322506,0.4511188268661499,3438
49034,minimal,0.34062162041664124,0.7815520007283042,0.5411122441291809,3100
49038,normal,0.25918713212013245,0.7528049017605183,0.6378257870674133,3186
49036,minimal,0.32919806241989136,0.790775129475753,0.5024926662445068,2956
49042,normal,0.36102351546287537,0.7725190024284758,0.5686706304550171,3442
49046,slight,0.4674375355243683,0.7984336981313274,0.48529911041259766,4076
49044,normal,0.30325716733932495,0.7808935612424541,0.5232927799224854,3341
49048,minimal,0.3682628571987152,0.7519839288395633,0.6259359121322632,3226
49052,normal,0.2626764476299286,0.7072973555020873,0.7262338995933533,2789
49054,minimal,0.38424885272979736,0.7946322570173244,0.49080678820610046,2955
49056,normal,0.3142576217651367,0.7254247489696134,0.684860110282898,3138
49060,minimal,0.4628226161003113,0.8163911274532161,0.4298918843269348,2953
49738,normal,0.29022738337516785,0.6941051935845265,0.7585653066635132,3129
49747,minimal,0.335244745016098,0.7461620611184346,0.627776563167572,3002
49763,normal,0.30925098061561584,0.7805198266939408,0.531635582447052,3084
49754,minimal,0.3293735980987549,0.7616767590884056,0.5758836269378662,3074
49768,normal,0.3837089538574219,0.7585469226410005,0.5977686643600464,3470
49757,minimal,0.4225403070449829,0.8012351653533207,0.4429170489311218,2762
50628,normal,0.2716825008392334,0.7217959873515483,0.7048351168632507,2746
50624,moderate,0.3244399130344391,0.7898543666340296,0.5141637325286865,2067
54339,normal,0.36853063106536865,0.8483363287244506,0.33515650033950806,2536
54351,slight,0.4304181933403015,0.8326610930408477,0.37240320444107056,2345
54345,normal,0.4425116181373596,0.8243751709500573,0.3874448537826538,2541
54357,slight,0.4522496163845062,0.8877295917758306,0.21819348633289337,2174
54369,normal,0.3448558747768402,0.7526326040878749,0.6013690233230591,2570
54375,slight,0.4783588945865631,0.8107971682197029,0.432539701461792,2518
54387,normal,0.31418129801750183,0.8136940297006893,0.4182088077068329,2354
54381,slight,0.323207288980484,0.744630390236686,0.6425068974494934,2720
54850,normal,0.31737181544303894,0.7799764443881452,0.517490804195404,2836
54867,slight,0.44748979806900024,0.8612268312599282,0.26824209094047546,1989
55179,normal,0.31629616022109985,0.8292934975401854,0.41106560826301575,2344
55173,slight,0.47969451546669006,0.9044901401138995,0.21031585335731506,2627
55276,normal,0.45244523882865906,0.8967364466494068,0.22165802121162415,2823
55355,slight,0.47199583053588867,0.9157619043465843,0.1921815574169159,2940
55282,normal,0.3988571763038635,0.8601983477523807,0.2918339967727661,3282
55288,slight,0.4355250597000122,0.9058508328052813,0.2060880959033966,2678
55323,normal,0.43661564588546753,0.9284718885113759,0.15056851506233215,2395
55300,slight,0.4930245578289032,0.9311120105270184,0.15833084285259247,2207
55347,normal,0.41477295756340027,0.8438634683290701,0.3186943829059601,2748
70830,slight,0.2696376144886017,0.7928953546379153,0.49711471796035767,2771
55351,normal,0.2829190790653229,0.7771700077164135,0.5350226759910583,2378
55335,slight,0.3500177562236786,0.8239244644369429,0.37529900670051575,2621
56641,normal,0.35059940814971924,0.8081063955698953,0.4420737028121948,2305
56647,slight,0.5301082134246826,0.9435941647726718,0.13077622652053833,2869
61234,normal,0.4232667088508606,0.8782300290752861,0.29097506403923035,4197
61240,slight,0.4522916078567505,0.9037147904766912,0.22666746377944946,3544
60469,normal,0.3765266239643097,0.8869711615720843,0.251839280128479,3659
60472,slight,0.3624984920024872,0.881621167043099,0.26316404342651367,3916
60521,normal,0.3776651620864868,0.8739447184064992,0.2854720950126648,4139
60519,moderate,0.3061871826648712,0.8529650857884836,0.3529219329357147,4009
60523,normal,0.379343718290329,0.854050686953444,0.3448418378829956,4110
60528,moderate,0.36424922943115234,0.8457861943168924,0.3599688410758972,4254
60435,normal,0.28656649589538574,0.8363919828706766,0.4011683762073517,4754
60433,slight,0.4089699387550354,0.8917233736697784,0.24449384212493896,4121
60440,normal,0.2963750958442688,0.8546762940980608,0.33285456895828247,4238
71271,minimal,0.28040242195129395,0.835553354800101,0.39621099829673767,4687
60481,normal,0.3439681828022003,0.8851830925375714,0.2734469175338745,3804
60484,slight,0.44660696387290955,0.9041114720193287,0.21686190366744995,3703
60489,normal,0.42456430196762085,0.9025109905402944,0.2280118465423584,4128
60486,slight,0.43526312708854675,0.8617456241520067,0.3138172924518585,4045
60533,normal,0.5045095682144165,0.8546543487280074,0.34792688488960266,3887
60531,moderate,0.3742530643939972,0.8319301533441528,0.4295234680175781,4600
62662,normal,0.30362653732299805,0.8234108749663847,0.4197065830230713,3437
62664,minimal,0.34837400913238525,0.8458053282951621,0.3692920207977295,3605
62667,normal,0.28858682513237,0.8532140892989292,0.32571813464164734,3054
62666,minimal,0.2902609705924988,0.8309599089660331,0.4184102714061737,3594
62709,normal,0.3089471757411957,0.8197814430046265,0.4321219325065613,3356
62701,minimal,0.29842835664749146,0.8308905586881504,0.41175079345703125,3441
62712,normal,0.3355306386947632,0.85475813410932,0.3623863458633423,3206
62711,minimal,0.37709861993789673,0.858222608220227,0.33178815245628357,2862
62842,normal,0.27732205390930176,0.8031198919808519,0.5008584260940552,5229
62848,minimal,0.2826130986213684,0.8260943505311032,0.4389546811580658,5737
62883,normal,0.2764306366443634,0.7934495903898577,0.5307773947715759,5550
62885,minimal,0.3164386451244354,0.8400392881600489,0.3831603527069092,5001
62889,normal,0.253539115190506,0.7805379121057923,0.5776211023330688,5379
62887,minimal,0.32936298847198486,0.8542518697291237,0.35368576645851135,5841
63406,normal,0.3032234311103821,0.7914813506557649,0.550157368183136,4553
63411,minimal,0.34774595499038696,0.7654828078645867,0.6146003007888794,4436
63454,normal,0.39446821808815,0.8118828036784949,0.45788294076919556,3648
63446,minimal,0.40685662627220154,0.785769127863958,0.5345523357391357,3610
63458,normal,0.31142061948776245,0.7740593691184766,0.5703737735748291,3928
63450,slight,0.5009853839874268,0.8158318673980733,0.44192010164260864,3935
63740,normal,0.3214567005634308,0.7643661149616091,0.5889020562171936,4202
63748,minimal,0.3495696783065796,0.7546571898042529,0.6320458650588989,3433
63744,normal,0.383184015750885,0.7471335158895794,0.6540327668190002,4047
63752,minimal,0.3743962347507477,0.7580336942706476,0.631017804145813,3744
63836,normal,0.27932366728782654,0.7596841910198182,0.639979362487793,4710
63831,minimal,0.3988388776779175,0.7588576337270123,0.6367343664169312,4749
63923,normal,0.39381855726242065,0.7696702925908945,0.5753586292266846,4083
63937,minimal,0.5988893508911133,0.7794705723303622,0.5369160175323486,4455
64586,normal,0.29592570662498474,0.7557730039158065,0.6328245401382446,4783
64601,minimal,0.41969916224479675,0.7799650470589843,0.5581664443016052,4827
65124,normal,0.30099111795425415,0.7805513055054474,0.5524054169654846,5151
65121,slight,0.29552483558654785,0.7609514119669084,0.5911306142807007,4566
66535,normal,0.29031693935394287,0.7823901350010926,0.5617185831069946,4113
66518,slight,0.2547983229160309,0.7576062827783802,0.6501409411430359,4391
66668,normal,0.2651980519294739,0.7599306033022489,0.6166384220123291,3509
66688,slight,0.2955765724182129,0.8110934921301066,0.46415239572525024,3555
66776,normal,0.20577917993068695,0.7637679293289222,0.6072977781295776,3615
66786,slight,0.22702766954898834,0.7620638743050363,0.6298695802688599,3818
66835,normal,0.24256320297718048,0.686389880296768,0.8155019879341125,3844
66829,slight,0.33165910840034485,0.744970772799925,0.6661756038665771,3854
65611,normal,0.21621064841747284,0.7362749508051262,0.704490065574646,4341
65607,slight,0.23227444291114807,0.7033696866527787,0.7891132831573486,4255
65619,normal,0.2515564262866974,0.7235151506977486,0.7265950441360474,3878
65615,slight,0.21111629903316498,0.7431846187780662,0.6712499260902405,4016
65634,normal,0.20420539379119873,0.7217615472652854,0.7331935167312622,3988
65626,slight,0.22351503372192383,0.7041762425584522,0.7779644131660461,4243
65670,normal,0.2374139279127121,0.7439975567992339,0.6795350313186646,4694
65666,slight,0.28196170926094055,0.7024191872577019,0.7908880710601807,4688
65690,normal,0.22564885020256042,0.7254038877730336,0.7260329127311707,3968
65686,severe,0.6269913911819458,0.7871764148644489,0.5908525586128235,3727
65694,normal,0.17975682020187378,0.7232911436959018,0.7350825071334839,4412
65698,moderate,0.5009668469429016,0.7543066695739551,0.6700600981712341,3899
65753,normal,0.19413907825946808,0.7321492106173815,0.7003473043441772,4478
65745,slight,0.20946156978607178,0.7075230116505443,0.7878337502479553,4825
65345,normal,0.24566411972045898,0.764270000313179,0.6051903963088989,3963
65341,slight,0.41418319940567017,0.7712547916796562,0.5970300436019897,3799
65379,normal,0.19302529096603394,0.7125230226950443,0.75516676902771,4279
65383,slight,0.29009711742401123,0.7609169301657044,0.6340113878250122,4324
65391,normal,0.2650837004184723,0.7632482988003899,0.6163675785064697,4179
65387,slight,0.3116804361343384,0.7905310868511064,0.5478215217590332,4167
66247,normal,0.30383041501045227,0.7387295222570215,0.6912612915039062,4182
66236,slight,0.47841817140579224,0.8429516227912396,0.39875519275665283,4185
66473,normal,0.3761078119277954,0.788592238839336,0.5523232221603394,4180
66271,slight,0.3693952262401581,0.7823077921008627,0.5619346499443054,3975
66267,normal,0.2981296181678772,0.7502289210432238,0.6707805395126343,4713
66279,slight,0.3942098021507263,0.7916891848803569,0.5428379774093628,4387
70974,normal,0.23323488235473633,0.7361193292503558,0.6852638721466064,4151
66287,severe,0.6451545357704163,0.8299023394984593,0.47498834133148193,4352
66292,normal,0.2802557945251465,0.7209735054683399,0.7519348859786987,3921
66297,moderate,0.5092015862464905,0.8134543745986633,0.505136251449585,4267
67244,normal,0.15626731514930725,0.7016272628333889,0.761428952217102,3489
67249,slight,0.16647464036941528,0.7368096611591476,0.6641179323196411,3546
67255,normal,0.17592613399028778,0.7290193598720165,0.69354248046875,3617
67266,slight,0.16828571259975433,0.7627548772603462,0.598024845123291,3353
67004,normal,0.24035856127738953,0.7934077460152975,0.54718017578125,3981
66982,slight,0.19555100798606873,0.7650216574201489,0.6450296640396118,3870
67068,normal,0.23271198570728302,0.799083474124821,0.5351755619049072,4259
67063,slight,0.21499128639698029,0.7832753962053202,0.594704270362854,4176
67073,normal,0.2663480043411255,0.8203191087761702,0.4734177589416504,3823
67084,slight,0.26630717515945435,0.8097558884209983,0.5123865604400635,4284
67120,normal,0.2083909660577774,0.7554803668225369,0.6480222940444946,4239
67116,slight,0.22397395968437195,0.768357057083834,0.6311744451522827,4236
67125,normal,0.2132083624601364,0.7491226050697383,0.682637095451355,4439
67129,slight,0.24241051077842712,0.7769364388500285,0.6084604263305664,4046
67139,normal,0.23720364272594452,0.7797729643682922,0.6026546359062195,4190
67131,slight,0.27899280190467834,0.8184976173403841,0.4626495838165283,4069
